asset_id,department,asset_type,station,km_location,line,point_throw_time_sec,motor_peak_current_amps,insulation_resistance_megohm,total_stroke_cycles,track_circuit_voltage,track_circuit_ballast_resistance,relay_age_years,ei_error_count_30d,battery_health_percentage,last_failure_days_ago,health_index,priority_tier,disconnection_required,days_since_last_maintenance,ground_truth_failure,ground_truth_rul_days
SIG-0001,SIGNAL_AND_TELECOM,AXLE_COUNTER,FZD,226.06,YARD,0.0,0.0,15.0,0,0.0,5.0,6,0,81.0,306,100.0,LOW,False,64,0,365
SIG-0002,SIGNAL_AND_TELECOM,POINT_MACHINE,KRJ,81.85,UP,5.7,3.71,6.6,42550,0.0,5.0,6,0,92.5,320,24.3,CRITICAL,True,56,1,9
SIG-0003,SIGNAL_AND_TELECOM,POINT_MACHINE,FZD,226.27,YARD,4.44,2.64,3.3,19528,0.0,5.0,11,0,80.4,356,53.54,HIGH,True,348,1,19
SIG-0004,SIGNAL_AND_TELECOM,TRACK_CIRCUIT,CNB,438.98,YARD,0.0,0.0,15.0,0,2.31,5.3,19,0,72.7,332,33.0,CRITICAL,True,40,1,12
SIG-0005,SIGNAL_AND_TELECOM,EI_SYSTEM,ALJN,129.61,DN,0.0,0.0,15.0,0,0.0,5.0,16,6,83.8,205,70.0,LOW,False,54,0,257
SIG-0006,SIGNAL_AND_TELECOM,TRACK_CIRCUIT,DER,36.28,UP,0.0,0.0,15.0,0,5.14,6.12,2,0,89.5,456,98.5,LOW,False,30,0,359
SIG-0007,SIGNAL_AND_TELECOM,POINT_MACHINE,TDL,208.61,DN,4.64,2.16,15.1,10868,0.0,5.0,15,0,87.1,563,81.93,LOW,False,327,0,299
SIG-0008,SIGNAL_AND_TELECOM,POINT_MACHINE,KRJ,82.95,YARD,5.4,2.26,12.2,19217,0.0,5.0,12,0,87.9,54,68.18,MEDIUM,False,355,0,250
SIG-0009,SIGNAL_AND_TELECOM,TRACK_CIRCUIT,DER,35.53,UP,0.0,0.0,15.0,0,3.12,7.6,20,0,88.8,566,64.95,LOW,True,301,0,238
SIG-0010,SIGNAL_AND_TELECOM,AXLE_COUNTER,CNB,439.1,UP,0.0,0.0,15.0,0,0.0,5.0,11,0,73.3,239,45.0,HIGH,True,189,1,16
SIG-0011,SIGNAL_AND_TELECOM,POINT_MACHINE,NDLS,1.5,UP,5.16,2.44,14.1,12759,0.0,5.0,20,0,83.7,156,67.54,MEDIUM,False,351,0,248
SIG-0012,SIGNAL_AND_TELECOM,POINT_MACHINE,NDLS,0.36,DN,5.02,2.82,3.3,29524,0.0,5.0,3,0,77.9,16,40.6,HIGH,True,335,1,14
SIG-0013,SIGNAL_AND_TELECOM,AXLE_COUNTER,ALJN,130.04,YARD,0.0,0.0,15.0,0,0.0,5.0,7,0,94.9,72,45.0,HIGH,True,325,1,16
SIG-0014,SIGNAL_AND_TELECOM,EI_SYSTEM,ETW,302.38,DN,0.0,0.0,15.0,0,0.0,5.0,17,10,91.8,624,35.0,HIGH,True,38,1,13
SIG-0015,SIGNAL_AND_TELECOM,AXLE_COUNTER,PHD,357.89,UP,0.0,0.0,15.0,0,0.0,5.0,16,0,78.7,422,84.0,LOW,False,150,0,307
SIG-0016,SIGNAL_AND_TELECOM,POINT_MACHINE,PHD,358.15,DN,5.78,3.38,1.2,44076,0.0,5.0,11,0,77.3,145,9.72,CRITICAL,True,42,1,4
SIG-0017,SIGNAL_AND_TELECOM,AXLE_COUNTER,DER,35.72,DN,0.0,0.0,15.0,0,0.0,5.0,12,0,96.4,96,84.0,LOW,False,207,0,307
SIG-0018,SIGNAL_AND_TELECOM,TRACK_CIRCUIT,CNB,440.0,DN,0.0,0.0,15.0,0,1.96,2.49,17,0,93.9,258,21.099999999999994,CRITICAL,True,278,1,8
SIG-0019,SIGNAL_AND_TELECOM,AXLE_COUNTER,ETW,299.72,DN,0.0,0.0,15.0,0,0.0,5.0,5,0,98.7,473,84.0,LOW,False,216,0,307
SIG-0020,SIGNAL_AND_TELECOM,TRACK_CIRCUIT,DER,36.2,YARD,0.0,0.0,15.0,0,6.09,1.85,17,0,73.3,343,25.400000000000006,CRITICAL,True,192,1,9
SIG-0021,SIGNAL_AND_TELECOM,TRACK_CIRCUIT,NDLS,0.0,DN,0.0,0.0,15.0,0,5.29,5.74,13,0,81.1,657,83.5,LOW,False,330,0,305
SIG-0022,SIGNAL_AND_TELECOM,EI_SYSTEM,ETW,300.16,UP,0.0,0.0,15.0,0,0.0,5.0,5,10,91.3,15,35.0,HIGH,True,359,1,13
SIG-0023,SIGNAL_AND_TELECOM,AXLE_COUNTER,ALJN,129.54,YARD,0.0,0.0,15.0,0,0.0,5.0,20,0,73.8,202,45.0,HIGH,True,113,1,16
SIG-0024,SIGNAL_AND_TELECOM,POINT_MACHINE,NDLS,0.0,UP,5.22,2.45,1.2,21193,0.0,5.0,18,0,84.5,663,40.01,HIGH,True,205,1,14
SIG-0025,SIGNAL_AND_TELECOM,POINT_MACHINE,FZD,224.88,YARD,5.97,3.03,4.7,36513,0.0,5.0,20,0,90.0,339,25.61,CRITICAL,True,87,1,9
SIG-0026,SIGNAL_AND_TELECOM,POINT_MACHINE,CNB,440.0,YARD,4.61,1.98,9.7,8677,0.0,5.0,10,0,70.5,220,85.71,LOW,False,323,0,313
SIG-0027,SIGNAL_AND_TELECOM,POINT_MACHINE,KRJ,81.55,UP,5.11,2.91,5.7,29114,0.0,5.0,18,0,73.4,171,44.33,HIGH,True,93,1,16
SIG-0028,SIGNAL_AND_TELECOM,EI_SYSTEM,ALJN,132.16,DN,0.0,0.0,15.0,0,0.0,5.0,19,9,78.0,162,35.0,HIGH,True,132,1,13
SIG-0029,SIGNAL_AND_TELECOM,EI_SYSTEM,ALJN,131.82,UP,0.0,0.0,15.0,0,0.0,5.0,6,14,83.9,301,35.0,HIGH,True,342,1,13
SIG-0030,SIGNAL_AND_TELECOM,POINT_MACHINE,ETW,300.92,DN,5.67,2.89,11.4,25767,0.0,5.0,19,0,95.5,518,49.3,HIGH,True,357,1,18
SIG-0031,SIGNAL_AND_TELECOM,POINT_MACHINE,ETW,300.87,YARD,5.84,2.44,11.5,32479,0.0,5.0,19,0,75.6,240,57.34,MEDIUM,True,147,0,211
SIG-0032,SIGNAL_AND_TELECOM,TRACK_CIRCUIT,DER,36.53,DN,0.0,0.0,15.0,0,6.49,4.68,14,0,82.5,43,94.0,LOW,False,120,0,343
SIG-0033,SIGNAL_AND_TELECOM,EI_SYSTEM,FZD,224.79,UP,0.0,0.0,15.0,0,0.0,5.0,10,6,70.6,663,70.0,LOW,False,280,0,257
SIG-0034,SIGNAL_AND_TELECOM,TRACK_CIRCUIT,TDL,209.48,YARD,0.0,0.0,15.0,0,4.49,1.14,15,0,84.4,15,46.1,HIGH,True,178,1,16
SIG-0035,SIGNAL_AND_TELECOM,TRACK_CIRCUIT,DER,37.46,YARD,0.0,0.0,15.0,0,2.08,5.63,1,0,97.3,183,46.05,HIGH,True,179,1,16
SIG-0036,SIGNAL_AND_TELECOM,POINT_MACHINE,NDLS,1.33,UP,5.37,2.83,11.6,17973,0.0,5.0,13,0,73.5,461,55.21,MEDIUM,True,163,0,203
SIG-0037,SIGNAL_AND_TELECOM,POINT_MACHINE,NDLS,1.17,YARD,6.25,1.81,14.3,4577,0.0,5.0,12,0,72.2,63,69.76,MEDIUM,False,18,0,256
SIG-0038,SIGNAL_AND_TELECOM,EI_SYSTEM,NDLS,0.16,YARD,0.0,0.0,15.0,0,0.0,5.0,11,3,94.2,518,100.0,LOW,False,290,0,365
SIG-0039,SIGNAL_AND_TELECOM,POINT_MACHINE,PHD,356.5,UP,4.85,1.75,17.6,1670,0.0,5.0,18,0,84.1,55,87.25,LOW,False,365,0,319
SIG-0040,SIGNAL_AND_TELECOM,TRACK_CIRCUIT,FZD,224.55,YARD,0.0,0.0,15.0,0,5.45,5.34,3,0,73.3,628,85.5,LOW,False,290,0,312
SIG-0041,SIGNAL_AND_TELECOM,TRACK_CIRCUIT,CNB,440.0,YARD,0.0,0.0,15.0,0,4.25,7.94,2,0,81.3,614,82.05,LOW,False,359,0,300
SIG-0042,SIGNAL_AND_TELECOM,TRACK_CIRCUIT,KRJ,84.45,YARD,0.0,0.0,15.0,0,2.78,2.64,4,0,88.8,146,90.05,LOW,False,199,0,329
SIG-0043,SIGNAL_AND_TELECOM,POINT_MACHINE,ALJN,130.34,YARD,6.3,2.81,7.6,36955,0.0,5.0,3,0,87.9,400,39.04,HIGH,True,180,1,14
SIG-0044,SIGNAL_AND_TELECOM,POINT_MACHINE,NDLS,0.0,DN,4.95,2.48,6.5,26905,0.0,5.0,15,0,81.6,24,59.25,MEDIUM,True,12,0,218
SIG-0045,SIGNAL_AND_TELECOM,POINT_MACHINE,KRJ,82.09,YARD,4.07,1.92,17.1,3564,0.0,5.0,14,0,79.7,347,96.13,LOW,False,168,0,351
SIG-0046,SIGNAL_AND_TELECOM,AXLE_COUNTER,FZD,225.48,YARD,0.0,0.0,15.0,0,0.0,5.0,18,0,77.5,385,45.0,HIGH,True,288,1,16
SIG-0047,SIGNAL_AND_TELECOM,POINT_MACHINE,NDLS,0.0,DN,5.79,2.66,13.9,16853,0.0,5.0,4,0,97.9,323,52.91,HIGH,True,311,1,19
SIG-0048,SIGNAL_AND_TELECOM,POINT_MACHINE,ALJN,131.2,YARD,4.07,2.08,13.1,13295,0.0,5.0,15,0,70.4,94,92.36,LOW,False,113,0,337
SIG-0049,SIGNAL_AND_TELECOM,POINT_MACHINE,ETW,300.43,YARD,4.85,2.03,14.8,1494,0.0,5.0,8,0,79.4,291,81.84,LOW,False,350,0,299
SIG-0050,SIGNAL_AND_TELECOM,POINT_MACHINE,NDLS,0.11,DN,4.07,2.52,11.9,16755,0.0,5.0,18,0,96.9,634,82.01,LOW,False,246,0,300
SIG-0051,SIGNAL_AND_TELECOM,AXLE_COUNTER,CNB,440.0,YARD,0.0,0.0,15.0,0,0.0,5.0,7,0,84.1,318,45.0,HIGH,True,277,1,16
SIG-0052,SIGNAL_AND_TELECOM,TRACK_CIRCUIT,TDL,207.93,DN,0.0,0.0,15.0,0,4.24,3.48,18,0,87.9,389,72.05,LOW,False,159,0,264
SIG-0053,SIGNAL_AND_TELECOM,POINT_MACHINE,GZB,26.44,UP,5.9,2.36,4.9,37078,0.0,5.0,12,0,85.1,420,43.02,HIGH,True,286,1,15
SIG-0054,SIGNAL_AND_TELECOM,TRACK_CIRCUIT,ETW,300.55,UP,0.0,0.0,15.0,0,6.13,1.05,6,0,77.5,671,54.5,HIGH,True,10,1,19
SIG-0055,SIGNAL_AND_TELECOM,POINT_MACHINE,ALJN,131.14,UP,4.33,2.27,16.9,1764,0.0,5.0,13,0,97.2,274,83.99,LOW,False,165,0,307
SIG-0056,SIGNAL_AND_TELECOM,POINT_MACHINE,DER,35.81,YARD,3.62,1.99,17.9,2970,0.0,5.0,9,0,97.6,324,95.53,LOW,False,240,0,348
SIG-0057,SIGNAL_AND_TELECOM,POINT_MACHINE,NDLS,0.95,DN,4.06,2.06,20.7,6629,0.0,5.0,14,0,78.3,549,92.98,LOW,False,226,0,339
SIG-0058,SIGNAL_AND_TELECOM,AXLE_COUNTER,ALJN,129.55,UP,0.0,0.0,15.0,0,0.0,5.0,15,0,81.0,531,45.0,HIGH,True,64,1,16
SIG-0059,SIGNAL_AND_TELECOM,AXLE_COUNTER,KRJ,82.07,YARD,0.0,0.0,15.0,0,0.0,5.0,13,0,94.2,31,92.0,LOW,False,194,0,336
SIG-0060,SIGNAL_AND_TELECOM,TRACK_CIRCUIT,TDL,209.68,DN,0.0,0.0,15.0,0,5.54,5.09,17,0,81.3,600,72.25,LOW,False,155,0,265
SIG-0061,SIGNAL_AND_TELECOM,POINT_MACHINE,FZD,225.35,YARD,6.19,3.5,8.3,41699,0.0,5.0,14,0,72.9,189,24.9,CRITICAL,True,267,1,9
SIG-0062,SIGNAL_AND_TELECOM,POINT_MACHINE,ETW,301.49,YARD,5.62,2.02,15.0,10606,0.0,5.0,4,0,84.9,62,70.52,MEDIUM,False,163,0,258
SIG-0063,SIGNAL_AND_TELECOM,TRACK_CIRCUIT,CNB,438.73,YARD,0.0,0.0,15.0,0,3.0,0.88,2,0,75.3,142,52.45,HIGH,True,51,1,19
SIG-0064,SIGNAL_AND_TELECOM,TRACK_CIRCUIT,TDL,210.24,YARD,0.0,0.0,15.0,0,2.92,7.14,17,0,88.1,576,74.7,LOW,False,106,0,273
SIG-0065,SIGNAL_AND_TELECOM,TRACK_CIRCUIT,NDLS,0.0,DN,0.0,0.0,15.0,0,3.5,1.74,15,0,93.9,221,45.25,HIGH,True,195,1,16
SIG-0066,SIGNAL_AND_TELECOM,EI_SYSTEM,GZB,24.98,UP,0.0,0.0,15.0,0,0.0,5.0,8,13,94.5,385,35.0,HIGH,True,210,1,13
SIG-0067,SIGNAL_AND_TELECOM,POINT_MACHINE,TDL,209.55,DN,4.33,2.82,14.8,10971,0.0,5.0,10,0,70.7,486,71.05,MEDIUM,False,286,0,260
SIG-0068,SIGNAL_AND_TELECOM,TRACK_CIRCUIT,TDL,209.27,DN,0.0,0.0,15.0,0,2.79,4.8,11,0,96.2,42,96.1,LOW,False,78,0,350
SIG-0069,SIGNAL_AND_TELECOM,POINT_MACHINE,NDLS,0.47,DN,4.76,2.31,21.4,3519,0.0,5.0,19,0,81.8,454,76.6,LOW,False,154,0,280
SIG-0070,SIGNAL_AND_TELECOM,POINT_MACHINE,FZD,224.88,UP,5.95,3.17,4.4,37722,0.0,5.0,8,0,96.5,54,21.71,CRITICAL,True,232,1,8
SIG-0071,SIGNAL_AND_TELECOM,EI_SYSTEM,GZB,25.73,UP,0.0,0.0,15.0,0,0.0,5.0,3,0,87.6,692,100.0,LOW,False,195,0,365
SIG-0072,SIGNAL_AND_TELECOM,TRACK_CIRCUIT,ALJN,129.64,DN,0.0,0.0,15.0,0,3.42,5.47,4,0,87.5,670,83.05,LOW,False,339,0,303
SIG-0073,SIGNAL_AND_TELECOM,POINT_MACHINE,ALJN,132.46,UP,4.13,1.89,16.1,5557,0.0,5.0,10,0,89.9,647,95.93,LOW,False,80,0,350
SIG-0074,SIGNAL_AND_TELECOM,POINT_MACHINE,DER,35.84,YARD,4.62,3.0,15.3,16044,0.0,5.0,10,0,96.9,97,62.46,MEDIUM,True,138,0,229
SIG-0075,SIGNAL_AND_TELECOM,POINT_MACHINE,DER,38.34,YARD,4.55,2.46,9.4,17259,0.0,5.0,2,0,81.4,301,74.42,MEDIUM,False,218,0,272
SIG-0076,SIGNAL_AND_TELECOM,AXLE_COUNTER,CNB,438.61,YARD,0.0,0.0,15.0,0,0.0,5.0,2,0,97.4,417,45.0,HIGH,True,130,1,16
SIG-0077,SIGNAL_AND_TELECOM,POINT_MACHINE,CNB,440.0,UP,4.78,2.63,15.3,17666,0.0,5.0,6,0,79.2,70,68.77,MEDIUM,False,126,0,252
SIG-0078,SIGNAL_AND_TELECOM,POINT_MACHINE,DER,36.74,YARD,4.01,1.74,13.3,6584,0.0,5.0,2,0,87.9,158,99.85,LOW,False,246,0,364
SIG-0079,SIGNAL_AND_TELECOM,TRACK_CIRCUIT,KRJ,81.61,UP,0.0,0.0,15.0,0,5.26,3.93,19,0,80.8,439,72.15,LOW,False,157,0,264
SIG-0080,SIGNAL_AND_TELECOM,AXLE_COUNTER,CNB,439.8,YARD,0.0,0.0,15.0,0,0.0,5.0,20,0,81.3,658,45.0,HIGH,True,319,1,16
SIG-0081,SIGNAL_AND_TELECOM,AXLE_COUNTER,PHD,356.73,DN,0.0,0.0,15.0,0,0.0,5.0,13,0,83.1,508,45.0,HIGH,True,34,1,16
SIG-0082,SIGNAL_AND_TELECOM,POINT_MACHINE,FZD,225.74,DN,4.52,2.94,15.0,11422,0.0,5.0,14,0,90.8,698,65.38,MEDIUM,False,126,0,240
SIG-0083,SIGNAL_AND_TELECOM,EI_SYSTEM,ETW,302.22,UP,0.0,0.0,15.0,0,0.0,5.0,6,14,74.2,537,35.0,HIGH,True,69,1,13
SIG-0084,SIGNAL_AND_TELECOM,TRACK_CIRCUIT,GZB,26.41,UP,0.0,0.0,15.0,0,6.46,2.65,17,0,94.8,533,63.849999999999994,LOW,True,323,0,234
SIG-0085,SIGNAL_AND_TELECOM,EI_SYSTEM,ETW,301.77,UP,0.0,0.0,15.0,0,0.0,5.0,17,1,76.3,659,100.0,LOW,False,189,0,365
SIG-0086,SIGNAL_AND_TELECOM,POINT_MACHINE,DER,37.32,DN,4.89,3.54,14.1,23905,0.0,5.0,11,0,98.8,502,46.65,HIGH,True,94,1,17
SIG-0087,SIGNAL_AND_TELECOM,POINT_MACHINE,GZB,23.57,UP,5.1,2.83,18.4,25704,0.0,5.0,10,0,81.0,570,59.26,MEDIUM,True,91,0,218
SIG-0088,SIGNAL_AND_TELECOM,EI_SYSTEM,ALJN,130.08,UP,0.0,0.0,15.0,0,0.0,5.0,12,13,79.8,415,35.0,HIGH,True,61,1,13
SIG-0089,SIGNAL_AND_TELECOM,POINT_MACHINE,TDL,209.98,UP,5.16,3.27,4.7,31179,0.0,5.0,16,0,94.5,148,32.11,CRITICAL,True,240,1,11
SIG-0090,SIGNAL_AND_TELECOM,AXLE_COUNTER,PHD,355.98,YARD,0.0,0.0,15.0,0,0.0,5.0,18,0,87.3,330,45.0,HIGH,True,103,1,16
SIG-0091,SIGNAL_AND_TELECOM,POINT_MACHINE,GZB,24.93,UP,6.49,3.01,0.5,39707,0.0,5.0,10,0,71.3,663,13.03,CRITICAL,True,217,1,5
SIG-0092,SIGNAL_AND_TELECOM,TRACK_CIRCUIT,PHD,358.23,YARD,0.0,0.0,15.0,0,2.59,5.71,11,0,83.5,331,94.6,LOW,False,108,0,345
SIG-0093,SIGNAL_AND_TELECOM,TRACK_CIRCUIT,FZD,225.5,YARD,0.0,0.0,15.0,0,3.17,1.95,15,0,99.0,73,50.8,HIGH,True,84,1,18
SIG-0094,SIGNAL_AND_TELECOM,POINT_MACHINE,FZD,226.12,UP,5.6,3.18,0.5,42637,0.0,5.0,3,0,90.8,361,15.03,CRITICAL,True,243,1,6
SIG-0095,SIGNAL_AND_TELECOM,AXLE_COUNTER,PHD,357.11,UP,0.0,0.0,15.0,0,0.0,5.0,9,0,76.9,87,45.0,HIGH,True,127,1,16
SIG-0096,SIGNAL_AND_TELECOM,POINT_MACHINE,CNB,439.31,YARD,5.48,2.18,14.0,23224,0.0,5.0,18,0,82.3,197,68.86,MEDIUM,False,124,0,252
SIG-0097,SIGNAL_AND_TELECOM,TRACK_CIRCUIT,NDLS,0.57,YARD,0.0,0.0,15.0,0,4.44,5.18,2,0,71.0,498,85.3,LOW,False,294,0,312
SIG-0098,SIGNAL_AND_TELECOM,EI_SYSTEM,ETW,301.18,UP,0.0,0.0,15.0,0,0.0,5.0,12,0,87.6,208,100.0,LOW,False,328,0,365
SIG-0099,SIGNAL_AND_TELECOM,POINT_MACHINE,TDL,207.54,DN,5.99,3.42,6.7,35140,0.0,5.0,10,0,71.9,557,22.13,CRITICAL,True,74,1,8
SIG-0100,SIGNAL_AND_TELECOM,AXLE_COUNTER,ALJN,132.08,UP,0.0,0.0,15.0,0,0.0,5.0,11,0,70.8,281,92.0,LOW,False,220,0,336
SIG-0101,SIGNAL_AND_TELECOM,POINT_MACHINE,FZD,226.34,DN,4.84,2.91,11.9,14197,0.0,5.0,17,0,73.9,340,61.28,MEDIUM,True,252,0,225
SIG-0102,SIGNAL_AND_TELECOM,EI_SYSTEM,ETW,301.22,UP,0.0,0.0,15.0,0,0.0,5.0,8,15,87.3,318,35.0,HIGH,True,278,1,13
SIG-0103,SIGNAL_AND_TELECOM,AXLE_COUNTER,DER,38.14,DN,0.0,0.0,15.0,0,0.0,5.0,6,0,76.5,39,45.0,HIGH,True,147,1,16
SIG-0104,SIGNAL_AND_TELECOM,EI_SYSTEM,NDLS,0.0,DN,0.0,0.0,15.0,0,0.0,5.0,3,10,87.2,345,35.0,HIGH,True,337,1,13
SIG-0105,SIGNAL_AND_TELECOM,POINT_MACHINE,CNB,438.97,YARD,4.91,2.8,14.2,20211,0.0,5.0,13,0,78.5,186,62.82,MEDIUM,True,262,0,231
SIG-0106,SIGNAL_AND_TELECOM,POINT_MACHINE,ETW,301.74,DN,4.34,2.47,15.8,13164,0.0,5.0,1,0,88.5,218,79.14,LOW,False,337,0,289
SIG-0107,SIGNAL_AND_TELECOM,POINT_MACHINE,TDL,207.53,YARD,4.85,2.84,16.4,14411,0.0,5.0,14,0,87.2,20,62.78,MEDIUM,True,261,0,231
SIG-0108,SIGNAL_AND_TELECOM,POINT_MACHINE,ETW,299.83,YARD,5.32,2.01,14.6,6989,0.0,5.0,16,0,78.8,74,75.26,LOW,False,299,0,275
SIG-0109,SIGNAL_AND_TELECOM,AXLE_COUNTER,DER,37.29,YARD,0.0,0.0,15.0,0,0.0,5.0,18,0,87.9,15,88.0,LOW,False,24,0,321
SIG-0110,SIGNAL_AND_TELECOM,POINT_MACHINE,ETW,299.75,UP,4.54,2.37,11.6,18003,0.0,5.0,8,0,98.9,617,78.49,LOW,False,81,0,287
SIG-0111,SIGNAL_AND_TELECOM,POINT_MACHINE,ETW,301.66,YARD,4.88,2.11,14.1,1541,0.0,5.0,13,0,94.6,383,79.51,LOW,False,185,0,291
SIG-0112,SIGNAL_AND_TELECOM,AXLE_COUNTER,GZB,26.3,DN,0.0,0.0,15.0,0,0.0,5.0,11,0,99.0,61,45.0,HIGH,True,240,1,16
SIG-0113,SIGNAL_AND_TELECOM,AXLE_COUNTER,TDL,209.06,UP,0.0,0.0,15.0,0,0.0,5.0,9,0,73.1,660,45.0,HIGH,True,266,1,16
SIG-0114,SIGNAL_AND_TELECOM,AXLE_COUNTER,KRJ,84.21,YARD,0.0,0.0,15.0,0,0.0,5.0,17,0,83.5,435,45.0,HIGH,True,259,1,16
SIG-0115,SIGNAL_AND_TELECOM,POINT_MACHINE,GZB,24.32,UP,4.14,2.18,15.7,6197,0.0,5.0,7,0,82.1,72,88.96,LOW,False,207,0,325
SIG-0116,SIGNAL_AND_TELECOM,AXLE_COUNTER,TDL,208.11,YARD,0.0,0.0,15.0,0,0.0,5.0,10,0,90.9,666,45.0,HIGH,True,28,1,16
SIG-0117,SIGNAL_AND_TELECOM,AXLE_COUNTER,NDLS,0.0,DN,0.0,0.0,15.0,0,0.0,5.0,6,0,87.7,335,45.0,HIGH,True,358,1,16
SIG-0118,SIGNAL_AND_TELECOM,EI_SYSTEM,ALJN,129.67,DN,0.0,0.0,15.0,0,0.0,5.0,11,6,91.5,450,70.0,LOW,False,151,0,257
SIG-0119,SIGNAL_AND_TELECOM,EI_SYSTEM,GZB,26.23,UP,0.0,0.0,15.0,0,0.0,5.0,12,8,84.5,95,70.0,LOW,False,17,0,257
SIG-0120,SIGNAL_AND_TELECOM,EI_SYSTEM,CNB,439.68,YARD,0.0,0.0,15.0,0,0.0,5.0,19,5,83.0,426,70.0,LOW,False,362,0,257
SIG-0121,SIGNAL_AND_TELECOM,AXLE_COUNTER,GZB,24.37,UP,0.0,0.0,15.0,0,0.0,5.0,20,0,83.3,489,100.0,LOW,False,167,0,365
SIG-0122,SIGNAL_AND_TELECOM,AXLE_COUNTER,PHD,356.7,UP,0.0,0.0,15.0,0,0.0,5.0,4,0,96.4,415,45.0,HIGH,True,48,1,16
SIG-0123,SIGNAL_AND_TELECOM,POINT_MACHINE,CNB,439.1,UP,4.73,1.79,14.6,16330,0.0,5.0,17,0,84.6,607,89.05,LOW,False,67,0,325
SIG-0124,SIGNAL_AND_TELECOM,TRACK_CIRCUIT,TDL,209.38,UP,0.0,0.0,15.0,0,4.28,7.92,15,0,95.1,205,97.95,LOW,False,41,0,357
SIG-0125,SIGNAL_AND_TELECOM,POINT_MACHINE,CNB,440.0,UP,5.31,2.42,14.2,4718,0.0,5.0,18,0,95.5,649,65.76,MEDIUM,False,156,0,241
SIG-0126,SIGNAL_AND_TELECOM,TRACK_CIRCUIT,NDLS,1.26,YARD,0.0,0.0,15.0,0,2.78,0.96,19,0,90.0,538,26.450000000000003,CRITICAL,True,171,1,10
SIG-0127,SIGNAL_AND_TELECOM,AXLE_COUNTER,ETW,300.92,YARD,0.0,0.0,15.0,0,0.0,5.0,14,0,91.9,309,92.0,LOW,False,189,0,336
SIG-0128,SIGNAL_AND_TELECOM,EI_SYSTEM,CNB,439.72,UP,0.0,0.0,15.0,0,0.0,5.0,20,12,72.4,223,35.0,HIGH,True,62,1,13
SIG-0129,SIGNAL_AND_TELECOM,POINT_MACHINE,DER,37.09,YARD,5.52,3.01,2.5,40729,0.0,5.0,2,0,75.4,542,26.23,CRITICAL,True,95,1,9
SIG-0130,SIGNAL_AND_TELECOM,AXLE_COUNTER,TDL,208.48,DN,0.0,0.0,15.0,0,0.0,5.0,11,0,77.1,608,45.0,HIGH,True,159,1,16
SIG-0131,SIGNAL_AND_TELECOM,TRACK_CIRCUIT,ALJN,131.98,UP,0.0,0.0,15.0,0,2.75,7.4,3,0,71.9,204,99.0,LOW,False,20,0,361
SIG-0132,SIGNAL_AND_TELECOM,POINT_MACHINE,KRJ,82.0,YARD,6.15,3.17,0.5,42155,0.0,5.0,11,0,76.5,288,9.26,CRITICAL,True,74,1,3
SIG-0133,SIGNAL_AND_TELECOM,POINT_MACHINE,ALJN,129.79,YARD,4.74,1.91,7.4,22994,0.0,5.0,3,0,83.3,34,78.51,LOW,False,48,0,287
SIG-0134,SIGNAL_AND_TELECOM,TRACK_CIRCUIT,PHD,357.48,DN,0.0,0.0,15.0,0,3.24,2.91,18,0,97.6,139,79.05,LOW,False,19,0,289
SIG-0135,SIGNAL_AND_TELECOM,POINT_MACHINE,ALJN,132.09,UP,5.11,2.65,11.5,22819,0.0,5.0,5,0,81.6,697,63.35,MEDIUM,True,344,0,233
SIG-0136,SIGNAL_AND_TELECOM,POINT_MACHINE,ETW,301.29,UP,6.8,3.1,8.1,37028,0.0,5.0,16,0,70.1,339,33.71,CRITICAL,True,301,1,12
SIG-0137,SIGNAL_AND_TELECOM,POINT_MACHINE,KRJ,82.29,YARD,5.78,2.72,8.2,18079,0.0,5.0,19,0,88.0,469,46.25,HIGH,True,273,1,16
SIG-0138,SIGNAL_AND_TELECOM,AXLE_COUNTER,FZD,227.32,YARD,0.0,0.0,15.0,0,0.0,5.0,7,0,75.5,109,45.0,HIGH,True,186,1,16
SIG-0139,SIGNAL_AND_TELECOM,AXLE_COUNTER,CNB,440.0,DN,0.0,0.0,15.0,0,0.0,5.0,16,0,98.4,540,45.0,HIGH,True,311,1,16
SIG-0140,SIGNAL_AND_TELECOM,EI_SYSTEM,KRJ,83.3,UP,0.0,0.0,15.0,0,0.0,5.0,15,12,86.8,288,35.0,HIGH,True,62,1,13
SIG-0141,SIGNAL_AND_TELECOM,POINT_MACHINE,ALJN,129.69,YARD,4.23,2.19,17.3,12704,0.0,5.0,2,0,85.8,81,87.37,LOW,False,356,0,319
SIG-0142,SIGNAL_AND_TELECOM,AXLE_COUNTER,NDLS,0.0,DN,0.0,0.0,15.0,0,0.0,5.0,16,0,82.6,114,92.0,LOW,False,223,0,336
SIG-0143,SIGNAL_AND_TELECOM,EI_SYSTEM,ALJN,131.25,DN,0.0,0.0,15.0,0,0.0,5.0,9,9,75.4,84,35.0,HIGH,True,323,1,13
SIG-0144,SIGNAL_AND_TELECOM,POINT_MACHINE,FZD,225.9,UP,5.55,3.25,3.4,38985,0.0,5.0,18,0,98.8,596,22.83,CRITICAL,True,123,1,8
SIG-0145,SIGNAL_AND_TELECOM,POINT_MACHINE,DER,37.75,DN,6.08,3.23,2.3,39565,0.0,5.0,19,0,80.6,404,13.25,CRITICAL,True,323,1,5
SIG-0146,SIGNAL_AND_TELECOM,TRACK_CIRCUIT,GZB,25.38,UP,0.0,0.0,15.0,0,3.86,7.74,11,0,70.1,143,97.4,LOW,False,52,0,355
SIG-0147,SIGNAL_AND_TELECOM,TRACK_CIRCUIT,TDL,209.63,DN,0.0,0.0,15.0,0,5.57,2.67,12,0,94.6,608,99.6,LOW,False,8,0,363
SIG-0148,SIGNAL_AND_TELECOM,POINT_MACHINE,TDL,208.18,DN,4.11,2.57,15.1,6712,0.0,5.0,14,0,94.7,371,80.23,LOW,False,29,0,293
SIG-0149,SIGNAL_AND_TELECOM,TRACK_CIRCUIT,KRJ,83.99,DN,0.0,0.0,15.0,0,3.04,3.05,10,0,71.0,279,83.25,LOW,False,335,0,304
SIG-0150,SIGNAL_AND_TELECOM,TRACK_CIRCUIT,PHD,356.11,UP,0.0,0.0,15.0,0,2.9,2.85,4,0,80.3,160,87.5,LOW,False,250,0,320
SIG-0151,SIGNAL_AND_TELECOM,TRACK_CIRCUIT,TDL,207.59,DN,0.0,0.0,15.0,0,5.74,5.79,8,0,96.8,606,89.15,LOW,False,217,0,325
SIG-0152,SIGNAL_AND_TELECOM,TRACK_CIRCUIT,DER,35.98,DN,0.0,0.0,15.0,0,4.47,6.67,14,0,74.5,454,94.1,LOW,False,118,0,343
SIG-0153,SIGNAL_AND_TELECOM,TRACK_CIRCUIT,ALJN,130.23,YARD,0.0,0.0,15.0,0,3.3,2.41,16,0,82.6,616,62.849999999999994,LOW,True,343,0,231
SIG-0154,SIGNAL_AND_TELECOM,TRACK_CIRCUIT,NDLS,0.0,DN,0.0,0.0,15.0,0,3.34,0.8,13,0,92.5,556,40.35,HIGH,True,293,1,14
SIG-0155,SIGNAL_AND_TELECOM,POINT_MACHINE,GZB,24.06,UP,6.38,2.84,3.9,41574,0.0,5.0,7,0,85.3,385,27.23,CRITICAL,True,169,1,10
SIG-0156,SIGNAL_AND_TELECOM,POINT_MACHINE,PHD,356.1,DN,6.19,3.58,4.0,44046,0.0,5.0,15,0,78.7,130,12.0,CRITICAL,True,155,1,4
SIG-0157,SIGNAL_AND_TELECOM,POINT_MACHINE,DER,35.7,YARD,5.36,3.48,0.5,40025,0.0,5.0,14,0,80.4,381,11.57,CRITICAL,True,236,1,4
SIG-0158,SIGNAL_AND_TELECOM,AXLE_COUNTER,FZD,226.77,DN,0.0,0.0,15.0,0,0.0,5.0,13,0,78.7,16,45.0,HIGH,True,285,1,16
SIG-0159,SIGNAL_AND_TELECOM,POINT_MACHINE,NDLS,1.14,UP,5.48,3.05,1.2,34591,0.0,5.0,11,0,75.9,674,21.99,CRITICAL,True,140,1,8
SIG-0160,SIGNAL_AND_TELECOM,AXLE_COUNTER,CNB,438.76,YARD,0.0,0.0,15.0,0,0.0,5.0,5,0,79.3,331,45.0,HIGH,True,230,1,16
SIG-0161,SIGNAL_AND_TELECOM,POINT_MACHINE,TDL,207.82,YARD,5.83,2.48,4.5,27945,0.0,5.0,15,0,94.2,452,40.05,HIGH,True,335,1,14
SIG-0162,SIGNAL_AND_TELECOM,EI_SYSTEM,ETW,300.47,DN,0.0,0.0,15.0,0,0.0,5.0,8,11,80.3,324,35.0,HIGH,True,68,1,13
SIG-0163,SIGNAL_AND_TELECOM,POINT_MACHINE,ETW,299.97,DN,6.04,2.7,5.6,26690,0.0,5.0,19,0,90.0,40,35.62,HIGH,True,159,1,13
SIG-0164,SIGNAL_AND_TELECOM,TRACK_CIRCUIT,DER,37.34,UP,0.0,0.0,15.0,0,4.3,7.46,12,0,96.9,413,90.85,LOW,False,183,0,332
SIG-0165,SIGNAL_AND_TELECOM,AXLE_COUNTER,FZD,226.81,UP,0.0,0.0,15.0,0,0.0,5.0,6,0,71.7,593,45.0,HIGH,True,93,1,16
SIG-0166,SIGNAL_AND_TELECOM,TRACK_CIRCUIT,CNB,440.0,YARD,0.0,0.0,15.0,0,6.28,6.61,16,0,90.2,442,68.55,LOW,False,229,0,251
SIG-0167,SIGNAL_AND_TELECOM,EI_SYSTEM,NDLS,0.21,UP,0.0,0.0,15.0,0,0.0,5.0,10,7,92.2,674,70.0,LOW,False,277,0,257
SIG-0168,SIGNAL_AND_TELECOM,TRACK_CIRCUIT,NDLS,0.12,UP,0.0,0.0,15.0,0,1.87,4.25,4,0,81.1,161,50.85,HIGH,True,83,1,18
SIG-0169,SIGNAL_AND_TELECOM,TRACK_CIRCUIT,GZB,25.9,YARD,0.0,0.0,15.0,0,6.13,1.6,7,0,73.4,253,41.25,HIGH,True,275,1,15
SIG-0170,SIGNAL_AND_TELECOM,AXLE_COUNTER,PHD,356.41,UP,0.0,0.0,15.0,0,0.0,5.0,13,0,86.1,438,45.0,HIGH,True,304,1,16
SIG-0171,SIGNAL_AND_TELECOM,TRACK_CIRCUIT,KRJ,81.67,DN,0.0,0.0,15.0,0,3.57,6.47,3,0,87.4,525,97.3,LOW,False,54,0,355
SIG-0172,SIGNAL_AND_TELECOM,TRACK_CIRCUIT,CNB,440.0,UP,0.0,0.0,15.0,0,3.6,1.96,13,0,85.2,527,47.55,HIGH,True,149,1,17
SIG-0173,SIGNAL_AND_TELECOM,TRACK_CIRCUIT,ETW,301.94,YARD,0.0,0.0,15.0,0,2.54,0.94,14,0,98.4,261,47.35,HIGH,True,153,1,17
SIG-0174,SIGNAL_AND_TELECOM,AXLE_COUNTER,FZD,227.25,DN,0.0,0.0,15.0,0,0.0,5.0,9,0,91.3,350,45.0,HIGH,True,117,1,16
SIG-0175,SIGNAL_AND_TELECOM,AXLE_COUNTER,GZB,25.67,DN,0.0,0.0,15.0,0,0.0,5.0,1,0,94.3,622,96.0,LOW,False,218,0,350
SIG-0176,SIGNAL_AND_TELECOM,AXLE_COUNTER,KRJ,83.46,DN,0.0,0.0,15.0,0,0.0,5.0,19,0,88.5,527,45.0,HIGH,True,100,1,16
SIG-0177,SIGNAL_AND_TELECOM,TRACK_CIRCUIT,TDL,210.44,UP,0.0,0.0,15.0,0,3.78,4.38,2,0,82.1,695,97.65,LOW,False,47,0,356
SIG-0178,SIGNAL_AND_TELECOM,AXLE_COUNTER,CNB,440.0,UP,0.0,0.0,15.0,0,0.0,5.0,2,0,73.1,68,45.0,HIGH,True,277,1,16
SIG-0179,SIGNAL_AND_TELECOM,AXLE_COUNTER,GZB,25.76,UP,0.0,0.0,15.0,0,0.0,5.0,2,0,76.8,676,88.0,LOW,False,242,0,321
SIG-0180,SIGNAL_AND_TELECOM,EI_SYSTEM,DER,35.92,UP,0.0,0.0,15.0,0,0.0,5.0,12,3,90.8,594,100.0,LOW,False,209,0,365
SIG-0181,SIGNAL_AND_TELECOM,POINT_MACHINE,ALJN,130.55,YARD,5.26,2.14,12.5,13593,0.0,5.0,10,0,87.5,222,73.1,MEDIUM,False,365,0,268
SIG-0182,SIGNAL_AND_TELECOM,POINT_MACHINE,KRJ,84.22,DN,4.53,2.24,14.2,6528,0.0,5.0,4,0,86.3,494,81.7,LOW,False,276,0,299
SIG-0183,SIGNAL_AND_TELECOM,POINT_MACHINE,ALJN,129.63,YARD,5.86,1.77,2.3,22153,0.0,5.0,5,0,75.8,306,49.0,HIGH,True,226,1,17
SIG-0184,SIGNAL_AND_TELECOM,TRACK_CIRCUIT,ALJN,131.07,YARD,0.0,0.0,15.0,0,5.82,1.14,10,0,95.0,557,45.95,HIGH,True,181,1,16
SIG-0185,SIGNAL_AND_TELECOM,TRACK_CIRCUIT,TDL,209.57,UP,0.0,0.0,15.0,0,5.47,7.05,17,0,96.6,71,67.4,LOW,False,252,0,247
SIG-0186,SIGNAL_AND_TELECOM,TRACK_CIRCUIT,CNB,440.0,DN,0.0,0.0,15.0,0,6.25,6.84,8,0,83.3,103,97.95,LOW,False,41,0,357
SIG-0187,SIGNAL_AND_TELECOM,AXLE_COUNTER,DER,38.08,YARD,0.0,0.0,15.0,0,0.0,5.0,7,0,93.0,660,84.0,LOW,False,8,0,307
SIG-0188,SIGNAL_AND_TELECOM,EI_SYSTEM,FZD,225.75,UP,0.0,0.0,15.0,0,0.0,5.0,8,5,90.4,460,70.0,LOW,False,138,0,257
SIG-0189,SIGNAL_AND_TELECOM,POINT_MACHINE,FZD,226.5,UP,5.27,2.85,5.1,27068,0.0,5.0,14,0,74.0,653,41.54,HIGH,True,153,1,15
SIG-0190,SIGNAL_AND_TELECOM,EI_SYSTEM,DER,36.0,YARD,0.0,0.0,15.0,0,0.0,5.0,2,10,91.9,643,35.0,HIGH,True,115,1,13
SIG-0191,SIGNAL_AND_TELECOM,TRACK_CIRCUIT,FZD,226.64,UP,0.0,0.0,15.0,0,2.34,4.11,15,0,83.0,85,47.55,HIGH,True,149,1,17
SIG-0192,SIGNAL_AND_TELECOM,TRACK_CIRCUIT,DER,37.59,DN,0.0,0.0,15.0,0,2.94,4.79,9,0,73.1,284,97.7,LOW,False,46,0,356
SIG-0193,SIGNAL_AND_TELECOM,POINT_MACHINE,ETW,301.55,UP,5.54,2.48,13.4,9493,0.0,5.0,13,0,84.1,127,60.9,MEDIUM,True,238,0,224
SIG-0194,SIGNAL_AND_TELECOM,POINT_MACHINE,NDLS,0.0,YARD,5.47,2.19,16.5,12196,0.0,5.0,8,0,76.7,61,68.77,MEDIUM,False,88,0,252
SIG-0195,SIGNAL_AND_TELECOM,POINT_MACHINE,CNB,440.0,UP,5.83,4.07,2.1,44830,0.0,5.0,4,0,77.7,418,8.85,CRITICAL,True,245,1,3
SIG-0196,SIGNAL_AND_TELECOM,POINT_MACHINE,FZD,226.95,YARD,4.88,2.31,18.2,3288,0.0,5.0,1,0,97.5,542,74.8,MEDIUM,False,66,0,274
SIG-0197,SIGNAL_AND_TELECOM,POINT_MACHINE,KRJ,82.09,DN,3.53,2.27,13.8,7614,0.0,5.0,8,0,98.9,594,88.94,LOW,False,17,0,325
SIG-0198,SIGNAL_AND_TELECOM,POINT_MACHINE,PHD,357.56,UP,4.22,1.63,16.4,4764,0.0,5.0,9,0,82.9,171,96.7,LOW,False,242,0,353
SIG-0199,SIGNAL_AND_TELECOM,EI_SYSTEM,PHD,356.88,UP,0.0,0.0,15.0,0,0.0,5.0,10,2,89.4,59,100.0,LOW,False,230,0,365
SIG-0200,SIGNAL_AND_TELECOM,POINT_MACHINE,CNB,438.98,DN,5.52,3.27,11.3,32503,0.0,5.0,8,0,84.5,536,42.61,HIGH,True,323,1,15
SIG-0201,SIGNAL_AND_TELECOM,TRACK_CIRCUIT,KRJ,82.07,UP,0.0,0.0,15.0,0,5.42,1.59,1,0,85.2,383,51.75,HIGH,True,65,1,18
SIG-0202,SIGNAL_AND_TELECOM,AXLE_COUNTER,TDL,209.0,YARD,0.0,0.0,15.0,0,0.0,5.0,11,0,90.9,538,45.0,HIGH,True,102,1,16
SIG-0203,SIGNAL_AND_TELECOM,TRACK_CIRCUIT,ETW,300.37,UP,0.0,0.0,15.0,0,3.05,2.13,12,0,73.7,597,92.65,LOW,False,147,0,338
SIG-0204,SIGNAL_AND_TELECOM,TRACK_CIRCUIT,CNB,440.0,DN,0.0,0.0,15.0,0,4.98,0.94,1,0,70.6,461,50.65,HIGH,True,87,1,18
SIG-0205,SIGNAL_AND_TELECOM,POINT_MACHINE,TDL,210.24,YARD,5.86,3.17,2.6,34696,0.0,5.0,3,0,72.0,197,17.66,CRITICAL,True,125,1,6
SIG-0206,SIGNAL_AND_TELECOM,TRACK_CIRCUIT,TDL,210.11,DN,0.0,0.0,15.0,0,2.5,5.94,5,0,76.6,221,81.95,LOW,False,361,0,300
SIG-0207,SIGNAL_AND_TELECOM,AXLE_COUNTER,FZD,227.32,YARD,0.0,0.0,15.0,0,0.0,5.0,14,0,71.1,470,45.0,HIGH,True,85,1,16
SIG-0208,SIGNAL_AND_TELECOM,TRACK_CIRCUIT,ETW,300.28,YARD,0.0,0.0,15.0,0,3.6,1.23,9,0,74.5,512,38.55,HIGH,True,329,1,14
SIG-0209,SIGNAL_AND_TELECOM,TRACK_CIRCUIT,ETW,299.94,UP,0.0,0.0,15.0,0,2.54,5.67,6,0,80.8,424,85.0,LOW,False,300,0,311
SIG-0210,SIGNAL_AND_TELECOM,TRACK_CIRCUIT,ALJN,130.79,UP,0.0,0.0,15.0,0,3.45,7.25,3,0,75.9,435,94.5,LOW,False,110,0,345
SIG-0211,SIGNAL_AND_TELECOM,TRACK_CIRCUIT,ETW,299.93,DN,0.0,0.0,15.0,0,3.94,4.48,2,0,75.4,259,94.65,LOW,False,107,0,345
SIG-0212,SIGNAL_AND_TELECOM,AXLE_COUNTER,FZD,226.86,DN,0.0,0.0,15.0,0,0.0,5.0,14,0,75.5,485,45.0,HIGH,True,205,1,16
SIG-0213,SIGNAL_AND_TELECOM,POINT_MACHINE,FZD,227.05,YARD,6.17,3.56,0.8,43359,0.0,5.0,3,0,78.7,292,2.4,CRITICAL,True,294,1,1
SIG-0214,SIGNAL_AND_TELECOM,EI_SYSTEM,GZB,24.59,YARD,0.0,0.0,15.0,0,0.0,5.0,3,3,76.4,628,100.0,LOW,False,300,0,365
SIG-0215,SIGNAL_AND_TELECOM,POINT_MACHINE,CNB,439.13,DN,4.73,2.37,11.5,8697,0.0,5.0,15,0,84.7,11,75.64,LOW,False,318,0,277
SIG-0216,SIGNAL_AND_TELECOM,TRACK_CIRCUIT,ALJN,131.11,YARD,0.0,0.0,15.0,0,3.95,3.15,10,0,96.9,238,92.3,LOW,False,154,0,337
SIG-0217,SIGNAL_AND_TELECOM,TRACK_CIRCUIT,GZB,24.22,YARD,0.0,0.0,15.0,0,4.23,3.31,20,0,79.2,430,78.85,LOW,False,23,0,288
SIG-0218,SIGNAL_AND_TELECOM,EI_SYSTEM,KRJ,83.26,UP,0.0,0.0,15.0,0,0.0,5.0,9,1,97.3,192,100.0,LOW,False,133,0,365
SIG-0219,SIGNAL_AND_TELECOM,TRACK_CIRCUIT,DER,36.62,UP,0.0,0.0,15.0,0,5.85,7.62,4,0,80.2,241,85.95,LOW,False,281,0,314
SIG-0220,SIGNAL_AND_TELECOM,AXLE_COUNTER,ETW,301.28,YARD,0.0,0.0,15.0,0,0.0,5.0,14,0,97.1,477,84.0,LOW,False,82,0,307
SIG-0221,SIGNAL_AND_TELECOM,TRACK_CIRCUIT,ETW,301.36,YARD,0.0,0.0,15.0,0,4.12,6.96,1,0,70.5,460,82.65,LOW,False,347,0,302
SIG-0222,SIGNAL_AND_TELECOM,EI_SYSTEM,FZD,226.65,YARD,0.0,0.0,15.0,0,0.0,5.0,9,14,73.8,344,35.0,HIGH,True,191,1,13
SIG-0223,SIGNAL_AND_TELECOM,POINT_MACHINE,GZB,26.33,DN,5.11,2.12,16.2,23611,0.0,5.0,17,0,83.4,82,75.82,LOW,False,272,0,277
SIG-0224,SIGNAL_AND_TELECOM,POINT_MACHINE,ALJN,131.16,YARD,5.78,2.8,7.4,39809,0.0,5.0,4,0,83.6,128,41.97,HIGH,True,218,1,15
SIG-0225,SIGNAL_AND_TELECOM,AXLE_COUNTER,DER,37.36,YARD,0.0,0.0,15.0,0,0.0,5.0,4,0,89.7,84,45.0,HIGH,True,340,1,16
SIG-0226,SIGNAL_AND_TELECOM,POINT_MACHINE,KRJ,81.92,UP,5.42,3.04,3.4,26874,0.0,5.0,6,0,85.7,322,29.72,CRITICAL,True,152,1,11
SIG-0227,SIGNAL_AND_TELECOM,TRACK_CIRCUIT,GZB,25.11,DN,0.0,0.0,15.0,0,4.48,6.96,3,0,90.2,10,83.3,LOW,False,334,0,304
SIG-0228,SIGNAL_AND_TELECOM,AXLE_COUNTER,CNB,440.0,DN,0.0,0.0,15.0,0,0.0,5.0,19,0,78.1,626,45.0,HIGH,True,41,1,16
SIG-0229,SIGNAL_AND_TELECOM,AXLE_COUNTER,CNB,440.0,YARD,0.0,0.0,15.0,0,0.0,5.0,19,0,91.5,564,80.0,LOW,False,154,0,293
SIG-0230,SIGNAL_AND_TELECOM,AXLE_COUNTER,KRJ,83.45,YARD,0.0,0.0,15.0,0,0.0,5.0,19,0,97.1,388,80.0,LOW,False,26,0,293
SIG-0231,SIGNAL_AND_TELECOM,TRACK_CIRCUIT,ALJN,131.77,DN,0.0,0.0,15.0,0,6.32,4.5,10,0,95.9,39,98.15,LOW,False,37,0,358
SIG-0232,SIGNAL_AND_TELECOM,POINT_MACHINE,GZB,25.11,UP,6.31,3.68,0.8,40423,0.0,5.0,11,0,90.7,14,2.4,CRITICAL,True,300,1,1
SIG-0233,SIGNAL_AND_TELECOM,POINT_MACHINE,TDL,208.38,DN,4.82,1.94,13.4,6912,0.0,5.0,12,0,89.0,136,84.41,LOW,False,149,0,308
SIG-0234,SIGNAL_AND_TELECOM,POINT_MACHINE,TDL,208.23,YARD,6.5,3.1,4.7,41751,0.0,5.0,13,0,73.9,104,23.51,CRITICAL,True,359,1,8
SIG-0235,SIGNAL_AND_TELECOM,EI_SYSTEM,ALJN,131.98,DN,0.0,0.0,15.0,0,0.0,5.0,17,7,88.7,49,70.0,LOW,False,221,0,257
SIG-0236,SIGNAL_AND_TELECOM,EI_SYSTEM,NDLS,0.76,YARD,0.0,0.0,15.0,0,0.0,5.0,20,2,83.8,587,100.0,LOW,False,54,0,365
SIG-0237,SIGNAL_AND_TELECOM,POINT_MACHINE,DER,36.44,UP,5.51,3.0,7.3,31532,0.0,5.0,1,0,97.3,432,41.01,HIGH,True,102,1,15
SIG-0238,SIGNAL_AND_TELECOM,TRACK_CIRCUIT,FZD,226.82,YARD,0.0,0.0,15.0,0,2.46,7.52,14,0,70.9,280,39.55,HIGH,True,309,1,14
SIG-0239,SIGNAL_AND_TELECOM,TRACK_CIRCUIT,ALJN,132.03,UP,0.0,0.0,15.0,0,5.21,7.34,17,0,80.1,628,76.05,LOW,False,79,0,278
SIG-0240,SIGNAL_AND_TELECOM,POINT_MACHINE,ETW,299.65,YARD,4.96,3.35,10.2,28891,0.0,5.0,12,0,73.4,681,49.13,HIGH,True,34,1,17
SIG-0241,SIGNAL_AND_TELECOM,TRACK_CIRCUIT,ALJN,131.23,UP,0.0,0.0,15.0,0,2.16,7.1,5,0,95.9,298,49.55,HIGH,True,109,1,18
SIG-0242,SIGNAL_AND_TELECOM,AXLE_COUNTER,ALJN,131.95,DN,0.0,0.0,15.0,0,0.0,5.0,6,0,76.0,501,45.0,HIGH,True,25,1,16
SIG-0243,SIGNAL_AND_TELECOM,TRACK_CIRCUIT,ALJN,130.42,UP,0.0,0.0,15.0,0,6.1,2.52,4,0,89.9,125,99.35,LOW,False,13,0,362
SIG-0244,SIGNAL_AND_TELECOM,POINT_MACHINE,CNB,438.95,YARD,5.89,3.75,7.4,38725,0.0,5.0,9,0,93.8,498,23.85,CRITICAL,True,107,1,9
SIG-0245,SIGNAL_AND_TELECOM,POINT_MACHINE,NDLS,0.0,DN,5.46,2.62,7.1,28587,0.0,5.0,14,0,70.6,119,50.11,HIGH,True,213,1,18
SIG-0246,SIGNAL_AND_TELECOM,POINT_MACHINE,TDL,208.87,DN,4.57,2.76,5.0,28392,0.0,5.0,15,0,96.0,241,53.86,HIGH,True,260,1,19
SIG-0247,SIGNAL_AND_TELECOM,EI_SYSTEM,ETW,301.74,YARD,0.0,0.0,15.0,0,0.0,5.0,4,14,85.0,529,35.0,HIGH,True,29,1,13
SIG-0248,SIGNAL_AND_TELECOM,POINT_MACHINE,FZD,225.32,YARD,6.25,3.31,2.5,42742,0.0,5.0,17,0,88.2,304,11.97,CRITICAL,True,181,1,4
SIG-0249,SIGNAL_AND_TELECOM,POINT_MACHINE,PHD,356.14,DN,5.39,2.61,11.5,10256,0.0,5.0,16,0,93.0,361,60.09,MEDIUM,True,327,0,221
SIG-0250,SIGNAL_AND_TELECOM,POINT_MACHINE,TDL,207.9,DN,5.84,2.79,5.8,25356,0.0,5.0,13,0,77.8,560,36.51,HIGH,True,48,1,13
SIG-0251,SIGNAL_AND_TELECOM,AXLE_COUNTER,CNB,440.0,DN,0.0,0.0,15.0,0,0.0,5.0,2,0,81.3,178,80.0,LOW,False,176,0,293
SIG-0252,SIGNAL_AND_TELECOM,POINT_MACHINE,PHD,356.58,YARD,3.71,2.1,14.4,2750,0.0,5.0,15,0,77.7,84,92.94,LOW,False,178,0,339
SIG-0253,SIGNAL_AND_TELECOM,POINT_MACHINE,PHD,356.8,UP,4.84,2.21,20.3,6584,0.0,5.0,19,0,77.4,509,77.75,LOW,False,334,0,284
SIG-0254,SIGNAL_AND_TELECOM,AXLE_COUNTER,FZD,225.99,YARD,0.0,0.0,15.0,0,0.0,5.0,11,0,91.4,663,45.0,HIGH,True,113,1,16
SIG-0255,SIGNAL_AND_TELECOM,TRACK_CIRCUIT,ALJN,130.09,UP,0.0,0.0,15.0,0,6.3,4.79,2,0,84.9,505,91.25,LOW,False,175,0,333
SIG-0256,SIGNAL_AND_TELECOM,POINT_MACHINE,CNB,440.0,YARD,4.8,2.67,7.4,23682,0.0,5.0,8,0,98.8,334,59.73,MEDIUM,True,207,0,220
SIG-0257,SIGNAL_AND_TELECOM,POINT_MACHINE,GZB,25.47,YARD,5.24,2.87,5.4,33765,0.0,5.0,18,0,85.3,505,42.42,HIGH,True,6,1,15
SIG-0258,SIGNAL_AND_TELECOM,POINT_MACHINE,NDLS,0.91,UP,5.62,2.81,8.5,26284,0.0,5.0,5,0,91.0,653,47.44,HIGH,True,173,1,17
SIG-0259,SIGNAL_AND_TELECOM,TRACK_CIRCUIT,GZB,24.18,DN,0.0,0.0,15.0,0,4.4,6.47,7,0,88.2,374,85.45,LOW,False,291,0,312
SIG-0260,SIGNAL_AND_TELECOM,TRACK_CIRCUIT,ALJN,131.13,UP,0.0,0.0,15.0,0,5.63,5.23,5,0,71.4,413,88.95,LOW,False,221,0,325
SIG-0261,SIGNAL_AND_TELECOM,POINT_MACHINE,DER,36.66,DN,5.09,2.32,14.5,4372,0.0,5.0,15,0,70.9,298,71.41,MEDIUM,False,297,0,262
SIG-0262,SIGNAL_AND_TELECOM,AXLE_COUNTER,FZD,226.18,YARD,0.0,0.0,15.0,0,0.0,5.0,2,0,93.1,548,45.0,HIGH,True,354,1,16
SIG-0263,SIGNAL_AND_TELECOM,AXLE_COUNTER,NDLS,0.44,YARD,0.0,0.0,15.0,0,0.0,5.0,8,0,92.0,333,88.0,LOW,False,98,0,321
SIG-0264,SIGNAL_AND_TELECOM,TRACK_CIRCUIT,DER,37.54,YARD,0.0,0.0,15.0,0,3.75,5.51,5,0,89.9,99,97.45,LOW,False,51,0,355
SIG-0265,SIGNAL_AND_TELECOM,TRACK_CIRCUIT,ALJN,131.0,YARD,0.0,0.0,15.0,0,2.51,7.64,20,0,76.1,543,74.6,LOW,False,108,0,273
SIG-0266,SIGNAL_AND_TELECOM,POINT_MACHINE,ETW,302.1,YARD,4.55,1.93,19.8,1303,0.0,5.0,11,0,98.3,198,88.69,LOW,False,356,0,324
SIG-0267,SIGNAL_AND_TELECOM,EI_SYSTEM,DER,37.7,YARD,0.0,0.0,15.0,0,0.0,5.0,18,11,80.2,449,35.0,HIGH,True,51,1,13
SIG-0268,SIGNAL_AND_TELECOM,POINT_MACHINE,ETW,301.49,UP,6.11,4.02,4.8,36010,0.0,5.0,15,0,77.1,644,14.4,CRITICAL,True,75,1,5
SIG-0269,SIGNAL_AND_TELECOM,TRACK_CIRCUIT,PHD,357.43,DN,0.0,0.0,15.0,0,6.45,4.65,5,0,74.7,514,93.1,LOW,False,138,0,340
SIG-0270,SIGNAL_AND_TELECOM,TRACK_CIRCUIT,KRJ,83.45,UP,0.0,0.0,15.0,0,5.74,6.83,19,0,76.9,285,77.65,LOW,False,47,0,284
SIG-0271,SIGNAL_AND_TELECOM,AXLE_COUNTER,TDL,207.5,DN,0.0,0.0,15.0,0,0.0,5.0,9,0,71.6,524,96.0,LOW,False,249,0,350
SIG-0272,SIGNAL_AND_TELECOM,TRACK_CIRCUIT,CNB,440.0,DN,0.0,0.0,15.0,0,2.54,1.68,6,0,86.6,117,52.05,HIGH,True,59,1,18
SIG-0273,SIGNAL_AND_TELECOM,TRACK_CIRCUIT,CNB,439.91,UP,0.0,0.0,15.0,0,4.39,5.32,6,0,74.7,128,92.2,LOW,False,156,0,336
SIG-0274,SIGNAL_AND_TELECOM,POINT_MACHINE,KRJ,84.05,YARD,5.34,2.27,12.1,16857,0.0,5.0,16,0,73.5,144,68.84,MEDIUM,False,66,0,252
SIG-0275,SIGNAL_AND_TELECOM,TRACK_CIRCUIT,CNB,440.0,UP,0.0,0.0,15.0,0,2.46,2.03,15,0,86.1,383,44.75,HIGH,True,205,1,16
SIG-0276,SIGNAL_AND_TELECOM,TRACK_CIRCUIT,GZB,24.23,YARD,0.0,0.0,15.0,0,4.62,6.75,15,0,71.9,109,99.4,LOW,False,12,0,362
SIG-0277,SIGNAL_AND_TELECOM,POINT_MACHINE,CNB,440.0,DN,5.28,2.9,9.9,30771,0.0,5.0,15,0,98.3,23,54.62,HIGH,True,284,1,19
SIG-0278,SIGNAL_AND_TELECOM,EI_SYSTEM,ETW,300.37,YARD,0.0,0.0,15.0,0,0.0,5.0,6,10,74.8,348,35.0,HIGH,True,266,1,13
SIG-0279,SIGNAL_AND_TELECOM,AXLE_COUNTER,GZB,26.02,UP,0.0,0.0,15.0,0,0.0,5.0,5,0,88.8,608,88.0,LOW,False,189,0,321
SIG-0280,SIGNAL_AND_TELECOM,TRACK_CIRCUIT,DER,37.6,YARD,0.0,0.0,15.0,0,4.41,5.96,12,0,74.8,550,87.95,LOW,False,241,0,321
SIG-0281,SIGNAL_AND_TELECOM,POINT_MACHINE,NDLS,0.74,YARD,5.92,3.65,3.6,43760,0.0,5.0,12,0,81.7,214,12.0,CRITICAL,True,147,1,4
SIG-0282,SIGNAL_AND_TELECOM,POINT_MACHINE,DER,36.38,DN,5.21,3.32,1.7,36994,0.0,5.0,13,0,81.1,153,21.19,CRITICAL,True,276,1,8
SIG-0283,SIGNAL_AND_TELECOM,TRACK_CIRCUIT,KRJ,82.38,YARD,0.0,0.0,15.0,0,3.93,3.6,2,0,93.7,666,89.5,LOW,False,210,0,327
SIG-0284,SIGNAL_AND_TELECOM,TRACK_CIRCUIT,GZB,24.32,UP,0.0,0.0,15.0,0,6.4,4.21,13,0,90.9,238,97.95,LOW,False,41,0,357
SIG-0285,SIGNAL_AND_TELECOM,AXLE_COUNTER,CNB,440.0,UP,0.0,0.0,15.0,0,0.0,5.0,10,0,90.1,191,45.0,HIGH,True,130,1,16
SIG-0286,SIGNAL_AND_TELECOM,AXLE_COUNTER,PHD,356.11,YARD,0.0,0.0,15.0,0,0.0,5.0,1,0,90.5,672,84.0,LOW,False,169,0,307
SIG-0287,SIGNAL_AND_TELECOM,EI_SYSTEM,KRJ,82.74,UP,0.0,0.0,15.0,0,0.0,5.0,15,8,72.8,22,70.0,LOW,False,210,0,257
SIG-0288,SIGNAL_AND_TELECOM,POINT_MACHINE,FZD,226.95,DN,4.2,2.35,14.3,11769,0.0,5.0,7,0,77.5,101,84.06,LOW,False,307,0,307
SIG-0289,SIGNAL_AND_TELECOM,POINT_MACHINE,DER,37.45,UP,5.41,2.95,5.3,35525,0.0,5.0,9,0,74.9,356,37.69,HIGH,True,178,1,13
SIG-0290,SIGNAL_AND_TELECOM,TRACK_CIRCUIT,DER,35.8,UP,0.0,0.0,15.0,0,5.19,6.69,11,0,89.8,306,94.55,LOW,False,109,0,345
SIG-0291,SIGNAL_AND_TELECOM,TRACK_CIRCUIT,NDLS,0.0,UP,0.0,0.0,15.0,0,4.79,6.42,14,0,71.5,15,87.5,LOW,False,250,0,320
SIG-0292,SIGNAL_AND_TELECOM,EI_SYSTEM,ETW,302.33,YARD,0.0,0.0,15.0,0,0.0,5.0,1,13,71.8,391,35.0,HIGH,True,286,1,13
SIG-0293,SIGNAL_AND_TELECOM,EI_SYSTEM,FZD,226.72,DN,0.0,0.0,15.0,0,0.0,5.0,18,2,90.3,134,100.0,LOW,False,76,0,365
SIG-0294,SIGNAL_AND_TELECOM,POINT_MACHINE,PHD,356.58,UP,4.47,2.05,17.8,4134,0.0,5.0,11,0,93.1,350,87.07,LOW,False,203,0,318
SIG-0295,SIGNAL_AND_TELECOM,TRACK_CIRCUIT,GZB,23.65,DN,0.0,0.0,15.0,0,4.18,3.93,8,0,72.8,462,98.75,LOW,False,25,0,360
SIG-0296,SIGNAL_AND_TELECOM,TRACK_CIRCUIT,NDLS,0.6,YARD,0.0,0.0,15.0,0,4.59,2.7,9,0,93.4,211,92.75,LOW,False,145,0,338
SIG-0297,SIGNAL_AND_TELECOM,POINT_MACHINE,CNB,438.99,YARD,4.02,1.63,16.2,3506,0.0,5.0,20,0,73.9,331,99.7,LOW,False,208,0,363
SIG-0298,SIGNAL_AND_TELECOM,TRACK_CIRCUIT,FZD,224.88,UP,0.0,0.0,15.0,0,2.47,5.55,13,0,97.8,172,49.35,HIGH,True,113,1,18
SIG-0299,SIGNAL_AND_TELECOM,AXLE_COUNTER,FZD,227.33,DN,0.0,0.0,15.0,0,0.0,5.0,10,0,97.3,329,45.0,HIGH,True,354,1,16
SIG-0300,SIGNAL_AND_TELECOM,POINT_MACHINE,FZD,224.78,YARD,5.8,2.73,12.3,30464,0.0,5.0,13,0,72.6,487,51.12,HIGH,True,98,1,18
SIG-0301,SIGNAL_AND_TELECOM,TRACK_CIRCUIT,PHD,358.06,YARD,0.0,0.0,15.0,0,3.07,4.53,6,0,71.8,73,91.55,LOW,False,169,0,334
SIG-0302,SIGNAL_AND_TELECOM,POINT_MACHINE,GZB,25.81,UP,6.03,3.19,2.5,39747,0.0,5.0,18,0,88.8,10,14.79,CRITICAL,True,180,1,5
SIG-0303,SIGNAL_AND_TELECOM,POINT_MACHINE,FZD,225.78,UP,4.59,2.25,7.8,10923,0.0,5.0,17,0,82.2,186,73.96,MEDIUM,False,100,0,271
SIG-0304,SIGNAL_AND_TELECOM,POINT_MACHINE,ETW,302.04,YARD,5.41,1.94,13.8,15482,0.0,5.0,7,0,76.0,537,75.56,LOW,False,108,0,277
SIG-0305,SIGNAL_AND_TELECOM,TRACK_CIRCUIT,TDL,209.4,DN,0.0,0.0,15.0,0,4.76,2.62,8,0,79.2,25,84.8,LOW,False,304,0,310
SIG-0306,SIGNAL_AND_TELECOM,TRACK_CIRCUIT,ALJN,131.22,YARD,0.0,0.0,15.0,0,3.41,2.2,16,0,81.1,494,66.6,LOW,False,268,0,244
SIG-0307,SIGNAL_AND_TELECOM,TRACK_CIRCUIT,FZD,226.17,UP,0.0,0.0,15.0,0,2.43,2.92,17,0,98.0,338,24.400000000000006,CRITICAL,True,212,1,9
SIG-0308,SIGNAL_AND_TELECOM,EI_SYSTEM,GZB,26.13,YARD,0.0,0.0,15.0,0,0.0,5.0,12,2,81.8,572,100.0,LOW,False,145,0,365
SIG-0309,SIGNAL_AND_TELECOM,POINT_MACHINE,TDL,209.78,UP,5.41,2.98,12.9,25235,0.0,5.0,15,0,78.4,255,51.09,HIGH,True,178,1,18
SIG-0310,SIGNAL_AND_TELECOM,POINT_MACHINE,TDL,209.06,UP,5.11,3.14,9.5,28214,0.0,5.0,3,0,89.5,280,50.32,HIGH,True,248,1,18
SIG-0311,SIGNAL_AND_TELECOM,TRACK_CIRCUIT,ETW,301.7,YARD,0.0,0.0,15.0,0,4.97,3.58,5,0,96.8,168,85.8,LOW,False,284,0,313
SIG-0312,SIGNAL_AND_TELECOM,AXLE_COUNTER,KRJ,81.66,DN,0.0,0.0,15.0,0,0.0,5.0,12,0,73.8,691,45.0,HIGH,True,348,1,16
SIG-0313,SIGNAL_AND_TELECOM,POINT_MACHINE,TDL,208.04,DN,3.9,1.56,17.0,2879,0.0,5.0,7,0,76.0,204,100.0,LOW,False,191,0,365
SIG-0314,SIGNAL_AND_TELECOM,POINT_MACHINE,KRJ,82.61,YARD,4.31,1.84,11.2,8211,0.0,5.0,12,0,97.2,34,94.41,LOW,False,50,0,344
SIG-0315,SIGNAL_AND_TELECOM,POINT_MACHINE,PHD,355.64,UP,4.92,1.49,16.3,2667,0.0,5.0,5,0,98.4,250,86.2,LOW,False,247,0,315
SIG-0316,SIGNAL_AND_TELECOM,POINT_MACHINE,KRJ,83.84,YARD,5.44,2.92,7.0,32049,0.0,5.0,12,0,79.4,15,43.05,HIGH,True,32,1,15
SIG-0317,SIGNAL_AND_TELECOM,TRACK_CIRCUIT,GZB,24.91,UP,0.0,0.0,15.0,0,6.28,5.53,4,0,80.8,685,88.45,LOW,False,231,0,323
SIG-0318,SIGNAL_AND_TELECOM,TRACK_CIRCUIT,GZB,25.05,UP,0.0,0.0,15.0,0,5.23,3.27,3,0,86.5,154,99.3,LOW,False,14,0,362
SIG-0319,SIGNAL_AND_TELECOM,POINT_MACHINE,CNB,440.0,UP,5.49,2.95,4.9,36103,0.0,5.0,1,0,92.5,263,35.29,HIGH,True,194,1,13
SIG-0320,SIGNAL_AND_TELECOM,POINT_MACHINE,ETW,301.51,DN,5.38,2.35,9.4,17121,0.0,5.0,11,0,96.7,461,64.56,MEDIUM,True,344,0,237
SIG-0321,SIGNAL_AND_TELECOM,POINT_MACHINE,DER,35.86,UP,4.08,2.02,12.9,7302,0.0,5.0,7,0,92.3,78,93.62,LOW,False,220,0,342
SIG-0322,SIGNAL_AND_TELECOM,TRACK_CIRCUIT,CNB,438.95,UP,0.0,0.0,15.0,0,3.44,6.82,18,0,95.4,145,71.6,LOW,False,168,0,262
SIG-0323,SIGNAL_AND_TELECOM,TRACK_CIRCUIT,CNB,440.0,YARD,0.0,0.0,15.0,0,2.95,6.24,18,0,85.6,307,72.1,LOW,False,158,0,264
SIG-0324,SIGNAL_AND_TELECOM,TRACK_CIRCUIT,GZB,24.73,UP,0.0,0.0,15.0,0,5.36,6.9,1,0,72.8,43,97.8,LOW,False,44,0,357
SIG-0325,SIGNAL_AND_TELECOM,POINT_MACHINE,PHD,358.26,UP,4.33,2.46,14.6,6121,0.0,5.0,8,0,77.2,578,79.52,LOW,False,107,0,291
SIG-0326,SIGNAL_AND_TELECOM,EI_SYSTEM,ALJN,130.43,DN,0.0,0.0,15.0,0,0.0,5.0,16,6,92.9,500,70.0,LOW,False,288,0,257
SIG-0327,SIGNAL_AND_TELECOM,TRACK_CIRCUIT,PHD,356.04,DN,0.0,0.0,15.0,0,2.54,1.29,15,0,83.7,382,38.55,HIGH,True,329,1,14
SIG-0328,SIGNAL_AND_TELECOM,TRACK_CIRCUIT,FZD,224.98,YARD,0.0,0.0,15.0,0,4.34,1.06,4,0,78.3,447,52.05,HIGH,True,59,1,18
SIG-0329,SIGNAL_AND_TELECOM,EI_SYSTEM,GZB,25.59,YARD,0.0,0.0,15.0,0,0.0,5.0,17,3,97.0,242,100.0,LOW,False,235,0,365
SIG-0330,SIGNAL_AND_TELECOM,POINT_MACHINE,NDLS,1.43,UP,4.8,2.15,12.0,7552,0.0,5.0,11,0,94.2,652,79.76,LOW,False,321,0,292
SIG-0331,SIGNAL_AND_TELECOM,AXLE_COUNTER,FZD,227.17,DN,0.0,0.0,15.0,0,0.0,5.0,14,0,72.1,570,45.0,HIGH,True,324,1,16
SIG-0332,SIGNAL_AND_TELECOM,AXLE_COUNTER,GZB,24.51,YARD,0.0,0.0,15.0,0,0.0,5.0,1,0,75.5,583,80.0,LOW,False,148,0,293
SIG-0333,SIGNAL_AND_TELECOM,POINT_MACHINE,KRJ,81.92,UP,4.55,2.38,18.8,9122,0.0,5.0,18,0,93.6,646,78.1,LOW,False,247,0,286
SIG-0334,SIGNAL_AND_TELECOM,EI_SYSTEM,TDL,208.85,UP,0.0,0.0,15.0,0,0.0,5.0,8,9,74.2,303,35.0,HIGH,True,341,1,13
SIG-0335,SIGNAL_AND_TELECOM,TRACK_CIRCUIT,CNB,439.69,YARD,0.0,0.0,15.0,0,4.22,4.74,17,0,73.5,132,68.2,LOW,False,236,0,250
SIG-0336,SIGNAL_AND_TELECOM,AXLE_COUNTER,ETW,301.54,UP,0.0,0.0,15.0,0,0.0,5.0,11,0,88.1,539,80.0,LOW,False,60,0,293
SIG-0337,SIGNAL_AND_TELECOM,TRACK_CIRCUIT,CNB,439.69,UP,0.0,0.0,15.0,0,3.31,4.47,3,0,88.4,179,99.55,LOW,False,9,0,363
SIG-0338,SIGNAL_AND_TELECOM,POINT_MACHINE,DER,38.15,UP,4.79,1.75,21.6,3727,0.0,5.0,5,0,71.5,240,88.15,LOW,False,282,0,322
SIG-0339,SIGNAL_AND_TELECOM,TRACK_CIRCUIT,DER,37.65,DN,0.0,0.0,15.0,0,1.83,4.17,20,0,94.4,370,23.450000000000003,CRITICAL,True,231,1,8
SIG-0340,SIGNAL_AND_TELECOM,TRACK_CIRCUIT,TDL,208.64,UP,0.0,0.0,15.0,0,5.1,2.41,9,0,89.9,559,85.7,LOW,False,286,0,313
SIG-0341,SIGNAL_AND_TELECOM,TRACK_CIRCUIT,PHD,355.87,UP,0.0,0.0,15.0,0,3.66,2.58,20,0,72.8,91,76.6,LOW,False,68,0,280
SIG-0342,SIGNAL_AND_TELECOM,TRACK_CIRCUIT,DER,35.71,YARD,0.0,0.0,15.0,0,4.22,6.57,7,0,97.2,288,96.75,LOW,False,65,0,353
SIG-0343,SIGNAL_AND_TELECOM,POINT_MACHINE,CNB,439.1,YARD,4.15,2.31,15.2,10331,0.0,5.0,1,0,97.8,559,85.75,LOW,False,235,0,313
SIG-0344,SIGNAL_AND_TELECOM,TRACK_CIRCUIT,FZD,225.6,DN,0.0,0.0,15.0,0,2.74,2.9,6,0,97.1,669,84.9,LOW,False,302,0,310
SIG-0345,SIGNAL_AND_TELECOM,POINT_MACHINE,DER,35.83,DN,5.84,3.49,2.3,37406,0.0,5.0,8,0,80.4,70,9.54,CRITICAL,True,44,1,4
SIG-0346,SIGNAL_AND_TELECOM,POINT_MACHINE,TDL,208.99,UP,4.35,2.23,22.4,2784,0.0,5.0,13,0,93.3,72,84.63,LOW,False,190,0,309
SIG-0347,SIGNAL_AND_TELECOM,TRACK_CIRCUIT,KRJ,81.62,YARD,0.0,0.0,15.0,0,5.95,4.43,2,0,91.7,677,84.6,LOW,False,308,0,309
SIG-0348,SIGNAL_AND_TELECOM,AXLE_COUNTER,FZD,224.75,DN,0.0,0.0,15.0,0,0.0,5.0,12,0,88.5,572,80.0,LOW,False,54,0,293
SIG-0349,SIGNAL_AND_TELECOM,POINT_MACHINE,ALJN,131.39,DN,5.55,3.19,0.5,38685,0.0,5.0,16,0,94.1,237,15.54,CRITICAL,True,352,1,6
SIG-0350,SIGNAL_AND_TELECOM,POINT_MACHINE,FZD,227.48,UP,4.2,1.69,10.4,13512,0.0,5.0,7,0,76.0,421,97.0,LOW,False,31,0,354
SIG-0351,SIGNAL_AND_TELECOM,POINT_MACHINE,GZB,26.07,UP,4.76,2.51,12.7,11439,0.0,5.0,1,0,73.4,120,71.89,MEDIUM,False,336,0,263
SIG-0352,SIGNAL_AND_TELECOM,POINT_MACHINE,CNB,440.0,DN,4.87,2.76,9.2,24989,0.0,5.0,8,0,73.3,17,61.96,MEDIUM,True,318,0,228
SIG-0353,SIGNAL_AND_TELECOM,POINT_MACHINE,CNB,439.51,UP,3.93,1.95,20.9,3165,0.0,5.0,2,0,78.7,276,96.47,LOW,False,313,0,352
SIG-0354,SIGNAL_AND_TELECOM,TRACK_CIRCUIT,NDLS,0.0,YARD,0.0,0.0,15.0,0,3.62,1.0,6,0,98.0,161,37.25,HIGH,True,355,1,13
SIG-0355,SIGNAL_AND_TELECOM,TRACK_CIRCUIT,ALJN,131.06,DN,0.0,0.0,15.0,0,2.56,4.16,9,0,81.7,93,96.7,LOW,False,66,0,353
SIG-0356,SIGNAL_AND_TELECOM,TRACK_CIRCUIT,CNB,439.04,DN,0.0,0.0,15.0,0,5.47,5.78,9,0,78.2,492,96.45,LOW,False,71,0,352
SIG-0357,SIGNAL_AND_TELECOM,POINT_MACHINE,DER,36.34,YARD,4.42,2.27,22.9,1965,0.0,5.0,10,0,77.8,648,82.64,LOW,False,296,0,302
SIG-0358,SIGNAL_AND_TELECOM,POINT_MACHINE,CNB,439.3,DN,5.08,2.97,7.0,32363,0.0,5.0,1,0,90.7,619,47.27,HIGH,True,312,1,17
SIG-0359,SIGNAL_AND_TELECOM,POINT_MACHINE,CNB,439.99,UP,5.15,2.43,7.0,30438,0.0,5.0,7,0,73.2,205,58.93,MEDIUM,True,30,0,217
SIG-0360,SIGNAL_AND_TELECOM,POINT_MACHINE,GZB,26.29,DN,4.54,2.44,10.6,7905,0.0,5.0,2,0,96.2,420,76.84,LOW,False,64,0,281
SIG-0361,SIGNAL_AND_TELECOM,TRACK_CIRCUIT,NDLS,0.22,YARD,0.0,0.0,15.0,0,2.35,2.74,14,0,84.5,185,40.55,HIGH,True,289,1,14
SIG-0362,SIGNAL_AND_TELECOM,AXLE_COUNTER,PHD,357.21,UP,0.0,0.0,15.0,0,0.0,5.0,18,0,74.6,679,45.0,HIGH,True,319,1,16
SIG-0363,SIGNAL_AND_TELECOM,TRACK_CIRCUIT,PHD,358.45,UP,0.0,0.0,15.0,0,6.31,4.98,2,0,78.7,663,82.25,LOW,False,355,0,301
SIG-0364,SIGNAL_AND_TELECOM,TRACK_CIRCUIT,GZB,25.44,UP,0.0,0.0,15.0,0,3.94,5.84,13,0,70.7,27,94.55,LOW,False,109,0,345
SIG-0365,SIGNAL_AND_TELECOM,EI_SYSTEM,KRJ,83.56,YARD,0.0,0.0,15.0,0,0.0,5.0,16,2,91.8,559,100.0,LOW,False,15,0,365
SIG-0366,SIGNAL_AND_TELECOM,EI_SYSTEM,FZD,226.21,YARD,0.0,0.0,15.0,0,0.0,5.0,12,12,81.1,512,35.0,HIGH,True,185,1,13
SIG-0367,SIGNAL_AND_TELECOM,EI_SYSTEM,GZB,24.87,UP,0.0,0.0,15.0,0,0.0,5.0,16,14,91.2,490,35.0,HIGH,True,69,1,13
SIG-0368,SIGNAL_AND_TELECOM,TRACK_CIRCUIT,GZB,24.42,DN,0.0,0.0,15.0,0,3.59,4.8,8,0,90.2,317,85.1,LOW,False,298,0,311
SIG-0369,SIGNAL_AND_TELECOM,TRACK_CIRCUIT,KRJ,84.1,DN,0.0,0.0,15.0,0,4.57,2.21,17,0,73.7,614,69.75,LOW,False,205,0,256
SIG-0370,SIGNAL_AND_TELECOM,POINT_MACHINE,ETW,302.18,DN,4.2,2.54,15.3,5384,0.0,5.0,16,0,94.3,658,79.59,LOW,False,192,0,291
SIG-0371,SIGNAL_AND_TELECOM,POINT_MACHINE,DER,38.42,YARD,5.23,2.32,6.8,20934,0.0,5.0,17,0,76.5,258,59.71,MEDIUM,True,272,0,219
SIG-0372,SIGNAL_AND_TELECOM,AXLE_COUNTER,PHD,355.9,UP,0.0,0.0,15.0,0,0.0,5.0,15,0,89.0,644,100.0,LOW,False,49,0,365
SIG-0373,SIGNAL_AND_TELECOM,POINT_MACHINE,ALJN,129.98,YARD,6.2,2.72,5.9,31583,0.0,5.0,12,0,77.9,277,36.05,HIGH,True,58,1,13
SIG-0374,SIGNAL_AND_TELECOM,EI_SYSTEM,PHD,358.17,UP,0.0,0.0,15.0,0,0.0,5.0,16,6,73.1,352,70.0,LOW,False,165,0,257
SIG-0375,SIGNAL_AND_TELECOM,POINT_MACHINE,ETW,302.34,YARD,5.1,2.11,21.1,6541,0.0,5.0,16,0,94.7,429,76.21,LOW,False,89,0,279
SIG-0376,SIGNAL_AND_TELECOM,AXLE_COUNTER,CNB,440.0,YARD,0.0,0.0,15.0,0,0.0,5.0,16,0,73.7,606,45.0,HIGH,True,264,1,16
SIG-0377,SIGNAL_AND_TELECOM,POINT_MACHINE,PHD,357.63,UP,6.03,2.84,0.5,39874,0.0,5.0,5,0,71.3,520,17.03,CRITICAL,True,109,1,6
SIG-0378,SIGNAL_AND_TELECOM,POINT_MACHINE,KRJ,83.24,UP,5.01,2.58,5.5,30151,0.0,5.0,18,0,76.9,80,53.0,HIGH,True,204,1,19
SIG-0379,SIGNAL_AND_TELECOM,TRACK_CIRCUIT,GZB,26.44,UP,0.0,0.0,15.0,0,5.46,6.59,18,0,84.1,439,63.05,LOW,True,339,0,231
SIG-0380,SIGNAL_AND_TELECOM,EI_SYSTEM,ALJN,130.78,DN,0.0,0.0,15.0,0,0.0,5.0,6,0,81.8,27,100.0,LOW,False,205,0,365
SIG-0381,SIGNAL_AND_TELECOM,AXLE_COUNTER,KRJ,83.74,YARD,0.0,0.0,15.0,0,0.0,5.0,18,0,86.7,636,45.0,HIGH,True,297,1,16
SIG-0382,SIGNAL_AND_TELECOM,TRACK_CIRCUIT,GZB,25.38,DN,0.0,0.0,15.0,0,2.24,1.29,16,0,88.3,41,28.450000000000003,CRITICAL,True,131,1,10
SIG-0383,SIGNAL_AND_TELECOM,POINT_MACHINE,ALJN,130.28,UP,4.2,2.33,18.1,6614,0.0,5.0,10,0,78.3,602,84.53,LOW,False,294,0,309
SIG-0384,SIGNAL_AND_TELECOM,EI_SYSTEM,ETW,300.53,YARD,0.0,0.0,15.0,0,0.0,5.0,1,6,96.4,164,70.0,LOW,False,317,0,257
SIG-0385,SIGNAL_AND_TELECOM,TRACK_CIRCUIT,CNB,438.86,DN,0.0,0.0,15.0,0,2.29,2.33,6,0,83.3,241,43.9,HIGH,True,222,1,16
SIG-0386,SIGNAL_AND_TELECOM,EI_SYSTEM,NDLS,0.62,YARD,0.0,0.0,15.0,0,0.0,5.0,12,7,90.1,22,70.0,LOW,False,338,0,257
SIG-0387,SIGNAL_AND_TELECOM,POINT_MACHINE,ALJN,132.25,UP,6.45,2.42,2.1,34985,0.0,5.0,6,0,76.3,657,31.71,CRITICAL,True,179,1,11
SIG-0388,SIGNAL_AND_TELECOM,TRACK_CIRCUIT,GZB,24.85,YARD,0.0,0.0,15.0,0,4.57,6.21,12,0,81.9,285,97.6,LOW,False,48,0,356
SIG-0389,SIGNAL_AND_TELECOM,POINT_MACHINE,NDLS,0.0,UP,6.13,3.57,6.1,44298,0.0,5.0,5,0,92.5,35,18.3,CRITICAL,True,166,1,7
SIG-0390,SIGNAL_AND_TELECOM,POINT_MACHINE,GZB,26.19,UP,4.67,2.46,16.5,3336,0.0,5.0,14,0,89.4,56,74.42,MEDIUM,False,307,0,272
SIG-0391,SIGNAL_AND_TELECOM,POINT_MACHINE,ALJN,130.26,DN,4.31,2.31,7.9,15717,0.0,5.0,13,0,73.4,196,77.05,LOW,False,305,0,282
SIG-0392,SIGNAL_AND_TELECOM,POINT_MACHINE,NDLS,0.76,UP,4.48,2.47,4.8,20280,0.0,5.0,20,0,91.5,678,61.44,MEDIUM,True,35,0,226
SIG-0393,SIGNAL_AND_TELECOM,AXLE_COUNTER,GZB,25.68,UP,0.0,0.0,15.0,0,0.0,5.0,5,0,76.9,264,76.0,LOW,False,140,0,278
SIG-0394,SIGNAL_AND_TELECOM,AXLE_COUNTER,FZD,226.33,YARD,0.0,0.0,15.0,0,0.0,5.0,1,0,86.4,220,100.0,LOW,False,230,0,365
SIG-0395,SIGNAL_AND_TELECOM,TRACK_CIRCUIT,FZD,227.37,YARD,0.0,0.0,15.0,0,3.66,4.39,17,0,71.6,188,71.3,LOW,False,174,0,261
SIG-0396,SIGNAL_AND_TELECOM,POINT_MACHINE,PHD,357.34,YARD,5.8,2.1,9.9,10211,0.0,5.0,12,0,75.3,400,65.64,MEDIUM,False,49,0,241
SIG-0397,SIGNAL_AND_TELECOM,POINT_MACHINE,TDL,208.12,UP,4.35,2.35,13.6,10983,0.0,5.0,13,0,75.4,127,81.81,LOW,False,356,0,299
SIG-0398,SIGNAL_AND_TELECOM,AXLE_COUNTER,ALJN,129.6,DN,0.0,0.0,15.0,0,0.0,5.0,14,0,94.3,274,45.0,HIGH,True,77,1,16
SIG-0399,SIGNAL_AND_TELECOM,EI_SYSTEM,ALJN,130.28,UP,0.0,0.0,15.0,0,0.0,5.0,14,8,80.1,231,70.0,LOW,False,71,0,257
SIG-0400,SIGNAL_AND_TELECOM,AXLE_COUNTER,TDL,209.2,UP,0.0,0.0,15.0,0,0.0,5.0,17,0,76.3,609,100.0,LOW,False,176,0,365
SIG-0401,SIGNAL_AND_TELECOM,POINT_MACHINE,TDL,207.88,YARD,5.04,2.36,10.4,24249,0.0,5.0,20,0,72.9,191,71.22,MEDIUM,False,241,0,261
SIG-0402,SIGNAL_AND_TELECOM,POINT_MACHINE,NDLS,0.54,YARD,5.54,3.33,2.7,44410,0.0,5.0,13,0,87.4,303,19.0,CRITICAL,True,10,1,7
SIG-0403,SIGNAL_AND_TELECOM,TRACK_CIRCUIT,TDL,208.29,UP,0.0,0.0,15.0,0,3.17,4.72,13,0,86.8,264,89.6,LOW,False,208,0,327
SIG-0404,SIGNAL_AND_TELECOM,POINT_MACHINE,PHD,357.18,UP,5.69,2.41,11.9,15081,0.0,5.0,9,0,78.5,72,60.3,MEDIUM,True,209,0,222
SIG-0405,SIGNAL_AND_TELECOM,POINT_MACHINE,TDL,207.82,DN,5.63,2.51,8.3,35322,0.0,5.0,9,0,72.6,415,53.74,HIGH,True,66,1,19
SIG-0406,SIGNAL_AND_TELECOM,TRACK_CIRCUIT,ETW,300.08,DN,0.0,0.0,15.0,0,4.05,7.86,2,0,86.9,296,87.35,LOW,False,253,0,319
SIG-0407,SIGNAL_AND_TELECOM,TRACK_CIRCUIT,GZB,24.37,UP,0.0,0.0,15.0,0,5.51,3.07,16,0,71.9,482,65.55,LOW,False,289,0,240
SIG-0408,SIGNAL_AND_TELECOM,TRACK_CIRCUIT,PHD,356.08,YARD,0.0,0.0,15.0,0,1.82,2.94,17,0,90.7,599,18.299999999999997,CRITICAL,True,334,1,7
SIG-0409,SIGNAL_AND_TELECOM,POINT_MACHINE,NDLS,0.0,DN,3.5,2.5,18.8,10892,0.0,5.0,15,0,99.0,281,83.53,LOW,False,92,0,305
SIG-0410,SIGNAL_AND_TELECOM,POINT_MACHINE,NDLS,0.0,DN,5.21,2.51,2.8,25278,0.0,5.0,8,0,80.2,79,43.54,HIGH,True,306,1,15
SIG-0411,SIGNAL_AND_TELECOM,POINT_MACHINE,NDLS,0.0,YARD,4.8,2.42,5.0,17345,0.0,5.0,3,0,90.3,362,58.41,MEDIUM,True,170,0,215
SIG-0412,SIGNAL_AND_TELECOM,POINT_MACHINE,NDLS,1.29,UP,5.49,2.74,10.1,32718,0.0,5.0,19,0,85.0,52,55.53,MEDIUM,True,319,0,204
SIG-0413,SIGNAL_AND_TELECOM,POINT_MACHINE,FZD,225.02,DN,5.21,3.51,6.2,35039,0.0,5.0,10,0,95.4,239,30.45,CRITICAL,True,66,1,11
SIG-0414,SIGNAL_AND_TELECOM,POINT_MACHINE,GZB,24.66,YARD,4.21,1.76,16.0,4206,0.0,5.0,2,0,79.7,259,96.85,LOW,False,119,0,353
SIG-0415,SIGNAL_AND_TELECOM,AXLE_COUNTER,NDLS,0.0,YARD,0.0,0.0,15.0,0,0.0,5.0,18,0,89.8,292,92.0,LOW,False,46,0,336
SIG-0416,SIGNAL_AND_TELECOM,EI_SYSTEM,CNB,438.77,DN,0.0,0.0,15.0,0,0.0,5.0,19,3,74.7,568,100.0,LOW,False,251,0,365
SIG-0417,SIGNAL_AND_TELECOM,TRACK_CIRCUIT,CNB,438.68,UP,0.0,0.0,15.0,0,3.86,3.73,10,0,82.3,552,87.75,LOW,False,245,0,320
SIG-0418,SIGNAL_AND_TELECOM,POINT_MACHINE,ETW,301.54,YARD,4.99,2.05,17.8,7457,0.0,5.0,5,0,73.9,553,79.27,LOW,False,148,0,290
SIG-0419,SIGNAL_AND_TELECOM,AXLE_COUNTER,PHD,355.7,UP,0.0,0.0,15.0,0,0.0,5.0,2,0,79.5,265,45.0,HIGH,True,262,1,16
SIG-0420,SIGNAL_AND_TELECOM,TRACK_CIRCUIT,GZB,24.78,UP,0.0,0.0,15.0,0,1.95,3.1,12,0,73.3,591,52.45,HIGH,True,51,1,19
SIG-0421,SIGNAL_AND_TELECOM,POINT_MACHINE,PHD,356.34,UP,4.92,1.59,11.4,13041,0.0,5.0,12,0,72.0,576,86.2,LOW,False,60,0,315
SIG-0422,SIGNAL_AND_TELECOM,POINT_MACHINE,PHD,355.73,YARD,5.18,3.24,11.4,22095,0.0,5.0,1,0,75.9,379,48.42,HIGH,True,355,1,17
SIG-0423,SIGNAL_AND_TELECOM,AXLE_COUNTER,ALJN,131.48,YARD,0.0,0.0,15.0,0,0.0,5.0,10,0,76.1,481,80.0,LOW,False,9,0,293
SIG-0424,SIGNAL_AND_TELECOM,TRACK_CIRCUIT,CNB,440.0,UP,0.0,0.0,15.0,0,3.01,2.26,16,0,86.7,592,64.55,LOW,True,309,0,237
SIG-0425,SIGNAL_AND_TELECOM,TRACK_CIRCUIT,CNB,439.74,DN,0.0,0.0,15.0,0,2.74,7.76,8,0,79.0,611,94.0,LOW,False,120,0,343
SIG-0426,SIGNAL_AND_TELECOM,POINT_MACHINE,NDLS,0.0,DN,4.31,2.36,12.5,8502,0.0,5.0,4,0,73.5,488,82.17,LOW,False,47,0,300
SIG-0427,SIGNAL_AND_TELECOM,POINT_MACHINE,TDL,209.32,UP,5.95,2.75,10.4,29046,0.0,5.0,15,0,85.9,68,48.4,HIGH,True,46,1,17
SIG-0428,SIGNAL_AND_TELECOM,POINT_MACHINE,FZD,226.38,YARD,4.6,2.02,16.6,3490,0.0,5.0,5,0,97.8,241,85.82,LOW,False,278,0,313
SIG-0429,SIGNAL_AND_TELECOM,POINT_MACHINE,FZD,225.29,YARD,5.86,3.36,4.9,35418,0.0,5.0,10,0,87.7,294,20.09,CRITICAL,True,30,1,7
SIG-0430,SIGNAL_AND_TELECOM,TRACK_CIRCUIT,TDL,208.5,UP,0.0,0.0,15.0,0,2.75,7.14,4,0,98.2,112,96.7,LOW,False,66,0,353
SIG-0431,SIGNAL_AND_TELECOM,POINT_MACHINE,PHD,356.2,YARD,5.11,3.06,10.1,23582,0.0,5.0,18,0,91.1,397,53.7,HIGH,True,232,1,19
SIG-0432,SIGNAL_AND_TELECOM,TRACK_CIRCUIT,GZB,23.86,UP,0.0,0.0,15.0,0,6.18,2.87,19,0,82.5,454,63.099999999999994,LOW,True,338,0,232
SIG-0433,SIGNAL_AND_TELECOM,TRACK_CIRCUIT,ALJN,129.65,DN,0.0,0.0,15.0,0,5.78,1.16,3,0,75.7,376,43.65,HIGH,True,227,1,16
SIG-0434,SIGNAL_AND_TELECOM,POINT_MACHINE,TDL,208.08,UP,5.78,2.83,2.3,26375,0.0,5.0,3,0,80.5,125,25.96,CRITICAL,True,100,1,9
SIG-0435,SIGNAL_AND_TELECOM,POINT_MACHINE,FZD,226.68,YARD,5.81,2.44,9.5,17427,0.0,5.0,14,0,85.9,690,56.29,MEDIUM,True,241,0,207
SIG-0436,SIGNAL_AND_TELECOM,TRACK_CIRCUIT,PHD,358.29,DN,0.0,0.0,15.0,0,3.08,3.95,5,0,76.3,57,88.1,LOW,False,238,0,322
SIG-0437,SIGNAL_AND_TELECOM,EI_SYSTEM,NDLS,0.92,DN,0.0,0.0,15.0,0,0.0,5.0,12,15,89.0,462,35.0,HIGH,True,98,1,13
SIG-0438,SIGNAL_AND_TELECOM,EI_SYSTEM,DER,36.15,UP,0.0,0.0,15.0,0,0.0,5.0,6,9,76.4,23,35.0,HIGH,True,80,1,13
SIG-0439,SIGNAL_AND_TELECOM,EI_SYSTEM,TDL,208.66,YARD,0.0,0.0,15.0,0,0.0,5.0,12,2,94.9,397,100.0,LOW,False,221,0,365
SIG-0440,SIGNAL_AND_TELECOM,POINT_MACHINE,FZD,227.06,DN,5.52,3.39,7.0,33586,0.0,5.0,13,0,73.3,194,30.79,CRITICAL,True,179,1,11
SIG-0441,SIGNAL_AND_TELECOM,POINT_MACHINE,ETW,302.11,UP,5.9,2.98,4.0,35078,0.0,5.0,4,0,97.9,584,25.74,CRITICAL,True,344,1,9
SIG-0442,SIGNAL_AND_TELECOM,TRACK_CIRCUIT,TDL,207.67,YARD,0.0,0.0,15.0,0,2.51,4.63,6,0,96.3,537,91.15,LOW,False,177,0,333
SIG-0443,SIGNAL_AND_TELECOM,POINT_MACHINE,KRJ,83.05,DN,5.94,2.72,2.8,33290,0.0,5.0,7,0,70.7,519,27.65,CRITICAL,True,10,1,10
SIG-0444,SIGNAL_AND_TELECOM,POINT_MACHINE,CNB,440.0,UP,5.0,2.41,10.2,26589,0.0,5.0,11,0,76.0,665,70.65,MEDIUM,False,162,0,259
SIG-0445,SIGNAL_AND_TELECOM,POINT_MACHINE,FZD,227.09,UP,5.19,2.75,6.7,30686,0.0,5.0,19,0,90.2,345,49.9,HIGH,True,107,1,18
SIG-0446,SIGNAL_AND_TELECOM,POINT_MACHINE,ETW,300.99,UP,5.21,2.34,9.2,23424,0.0,5.0,5,0,73.1,131,66.74,MEDIUM,False,57,0,245
SIG-0447,SIGNAL_AND_TELECOM,POINT_MACHINE,GZB,24.28,DN,4.56,2.13,15.3,1929,0.0,5.0,17,0,74.0,674,83.84,LOW,False,273,0,306
SIG-0448,SIGNAL_AND_TELECOM,POINT_MACHINE,PHD,357.64,YARD,6.39,3.59,7.5,30806,0.0,5.0,11,0,88.6,368,22.5,CRITICAL,True,34,1,8
SIG-0449,SIGNAL_AND_TELECOM,TRACK_CIRCUIT,DER,37.25,YARD,0.0,0.0,15.0,0,4.27,7.96,14,0,72.5,193,82.65,LOW,False,347,0,302
SIG-0450,SIGNAL_AND_TELECOM,POINT_MACHINE,GZB,24.53,YARD,4.9,2.86,11.8,22260,0.0,5.0,6,0,94.1,659,61.56,MEDIUM,True,173,0,226
