asset_id,department,section_from,section_to,km_start,km_end,mast_start,mast_end,line,contact_wire_diameter_mm,wire_wear_percentage,wire_status,catenary_wire_condition,atd_position_mm,atd_status,ambient_temperature_c,wire_height_at_support_mm,stagger_mm,insulator_condition,pantograph_spark_count_30d,mast_foundation_status,power_block_required,tower_wagon_required,days_since_last_maintenance,ground_truth_failure,ground_truth_rul_days
OHE-0001,TRACTION_DISTRIBUTION_OHE,NDLS,GZB,6.87,8.13,6/6,6/19,DN,9.38,71.7,CRITICAL,GOOD,546.6,NORMAL,33.0,5495,-9,CLEAN,35,STABLE,True,True,242,1,21
OHE-0002,TRACTION_DISTRIBUTION_OHE,PHD,CNB,429.69,431.14,429/3,429/17,DN,11.94,7.5,GOOD,GOOD,621.6,NORMAL,39.6,5525,54,CLEAN,3,STABLE,True,False,64,0,355
OHE-0003,TRACTION_DISTRIBUTION_OHE,PHD,CNB,379.3,379.98,379/1,379/17,UP,11.79,11.3,GOOD,GOOD,696.2,NORMAL,43.3,5523,160,CLEAN,0,STABLE,True,False,105,0,349
OHE-0004,TRACTION_DISTRIBUTION_OHE,NDLS,GZB,2.26,3.38,2/6,2/32,DN,8.22,100.0,CONDEMN_RENEW,WORN,551.7,NORMAL,36.0,5577,-113,POLLUTED,23,STABLE,True,True,350,1,7
OHE-0005,TRACTION_DISTRIBUTION_OHE,ALJN,TDL,159.34,160.03,159/9,159/19,UP,10.28,49.1,WORN,WORN,639.9,NORMAL,29.8,5562,-35,POLLUTED,3,SETTLEMENT,True,False,162,0,245
OHE-0006,TRACTION_DISTRIBUTION_OHE,GZB,DER,28.94,30.08,28/10,28/25,UP,12.24,0.0,GOOD,GOOD,556.1,NORMAL,35.7,5512,-23,FLASHOVER_RISK,30,STABLE,True,False,65,0,184
OHE-0007,TRACTION_DISTRIBUTION_OHE,GZB,DER,26.39,26.91,26/2,26/31,DN,9.15,77.4,CRITICAL,WORN,718.3,NORMAL,43.1,5708,-131,CLEAN,27,TILTING,True,True,142,1,12
OHE-0008,TRACTION_DISTRIBUTION_OHE,NDLS,GZB,2.23,2.94,2/4,2/28,DN,9.56,67.2,CRITICAL,GOOD,553.6,NORMAL,32.8,5553,-76,FLASHOVER_RISK,22,STABLE,True,True,143,1,12
OHE-0009,TRACTION_DISTRIBUTION_OHE,DER,KRJ,72.25,72.94,72/11,72/23,UP,10.41,45.9,WORN,GOOD,417.3,NORMAL,21.7,5600,76,CLEAN,1,STABLE,True,False,163,0,283
OHE-0010,TRACTION_DISTRIBUTION_OHE,NDLS,GZB,11.0,11.56,11/1,11/32,UP,8.77,87.0,CONDEMN_RENEW,WORN,696.0,NORMAL,40.8,5561,-29,FLASHOVER_RISK,29,STABLE,True,True,267,1,2
OHE-0011,TRACTION_DISTRIBUTION_OHE,FZD,ETW,237.44,237.95,237/2,237/29,UP,12.24,0.0,GOOD,GOOD,437.3,NORMAL,26.3,5441,36,CLEAN,4,STABLE,True,False,112,0,347
OHE-0012,TRACTION_DISTRIBUTION_OHE,DER,KRJ,61.34,61.99,61/4,61/23,UP,12.24,0.0,GOOD,GOOD,490.0,NORMAL,17.7,5491,-59,CLEAN,3,STABLE,True,False,32,0,360
OHE-0013,TRACTION_DISTRIBUTION_OHE,TDL,FZD,211.28,212.0,211/8,211/20,UP,9.03,80.5,CRITICAL,GOOD,531.6,NORMAL,32.1,5561,-216,CLEAN,35,STABLE,True,True,156,1,22
OHE-0014,TRACTION_DISTRIBUTION_OHE,PHD,CNB,396.92,397.97,396/12,396/29,DN,9.56,67.2,CRITICAL,GOOD,495.0,NORMAL,39.5,5472,-81,CLEAN,9,STABLE,True,True,275,0,209
OHE-0015,TRACTION_DISTRIBUTION_OHE,NDLS,GZB,15.51,16.81,15/15,15/23,UP,9.44,70.2,CRITICAL,GOOD,674.4,NORMAL,44.6,5499,-95,CLEAN,20,STABLE,True,True,106,1,23
OHE-0016,TRACTION_DISTRIBUTION_OHE,ETW,PHD,324.05,324.61,324/8,324/24,DN,9.56,67.2,CRITICAL,GOOD,496.5,NORMAL,19.2,5499,59,CLEAN,27,STABLE,True,True,265,1,20
OHE-0017,TRACTION_DISTRIBUTION_OHE,ETW,PHD,318.96,320.3,318/4,318/30,UP,11.56,17.0,GOOD,GOOD,611.1,NORMAL,26.2,5550,107,CLEAN,0,STABLE,True,False,103,0,349
OHE-0018,TRACTION_DISTRIBUTION_OHE,DER,KRJ,50.63,51.26,50/4,50/20,UP,10.81,35.8,GOOD,GOOD,565.9,NORMAL,35.6,5523,-5,CLEAN,3,STABLE,True,False,101,0,349
OHE-0019,TRACTION_DISTRIBUTION_OHE,FZD,ETW,293.62,294.31,293/14,293/19,DN,8.78,86.7,CONDEMN_RENEW,WORN,395.4,NORMAL,25.9,5550,37,CLEAN,8,STABLE,True,True,273,1,20
OHE-0020,TRACTION_DISTRIBUTION_OHE,DER,KRJ,62.69,63.71,62/7,62/30,UP,8.0,100.0,CONDEMN_RENEW,WORN,516.1,NORMAL,28.8,5585,-30,CLEAN,20,STABLE,True,True,333,1,11
OHE-0021,TRACTION_DISTRIBUTION_OHE,ETW,PHD,346.01,346.8,346/8,346/18,UP,8.2,100.0,CONDEMN_RENEW,WORN,579.2,NORMAL,35.3,5453,41,POLLUTED,13,STABLE,True,True,358,1,15
OHE-0022,TRACTION_DISTRIBUTION_OHE,TDL,FZD,223.75,224.34,223/3,223/16,DN,8.43,95.5,CONDEMN_RENEW,CRITICAL,494.7,NORMAL,25.7,5536,62,FLASHOVER_RISK,27,SETTLEMENT,True,True,331,1,1
OHE-0023,TRACTION_DISTRIBUTION_OHE,GZB,DER,27.41,28.01,27/10,27/22,UP,9.87,59.4,WORN,WORN,420.6,NORMAL,16.3,5590,-22,POLLUTED,4,STABLE,True,False,135,0,249
OHE-0024,TRACTION_DISTRIBUTION_OHE,PHD,CNB,411.8,413.11,411/5,411/24,UP,10.73,37.8,GOOD,GOOD,605.2,NORMAL,33.2,5451,-49,CLEAN,3,STABLE,True,False,213,0,332
OHE-0025,TRACTION_DISTRIBUTION_OHE,FZD,ETW,275.11,276.07,275/8,275/29,UP,8.0,100.0,CONDEMN_RENEW,WORN,671.7,NORMAL,40.0,5547,15,CLEAN,6,STABLE,True,True,335,1,19
OHE-0026,TRACTION_DISTRIBUTION_OHE,DER,KRJ,71.56,72.17,71/2,71/30,DN,10.89,33.8,GOOD,GOOD,475.0,NORMAL,18.7,5567,122,CLEAN,4,STABLE,True,False,63,0,355
OHE-0027,TRACTION_DISTRIBUTION_OHE,FZD,ETW,243.11,244.37,243/4,243/26,UP,8.92,83.2,CRITICAL,GOOD,398.4,NORMAL,18.1,5536,6,FLASHOVER_RISK,8,SETTLEMENT,True,True,197,1,19
OHE-0028,TRACTION_DISTRIBUTION_OHE,FZD,ETW,228.81,229.37,228/9,228/29,UP,8.89,84.0,CRITICAL,CRITICAL,648.9,NORMAL,44.7,5534,-46,CLEAN,18,STABLE,True,True,270,1,20
OHE-0029,TRACTION_DISTRIBUTION_OHE,PHD,CNB,358.89,360.11,358/1,358/16,UP,12.24,0.0,GOOD,GOOD,399.9,NORMAL,15.6,5555,-82,POLLUTED,3,STABLE,True,False,40,0,320
OHE-0030,TRACTION_DISTRIBUTION_OHE,ALJN,TDL,133.49,134.93,133/5,133/24,DN,8.0,100.0,CONDEMN_RENEW,GOOD,345.6,NORMAL,17.4,5475,-99,CLEAN,16,STABLE,True,True,170,1,14
OHE-0031,TRACTION_DISTRIBUTION_OHE,ETW,PHD,316.54,317.15,316/9,316/21,DN,9.57,66.9,CRITICAL,GOOD,533.7,NORMAL,28.3,5556,105,CLEAN,13,STABLE,True,True,65,0,241
OHE-0032,TRACTION_DISTRIBUTION_OHE,ETW,PHD,335.42,336.02,335/6,335/25,DN,10.89,33.8,GOOD,GOOD,602.8,NORMAL,38.9,5611,-6,CLEAN,3,STABLE,True,False,65,0,355
OHE-0033,TRACTION_DISTRIBUTION_OHE,ALJN,TDL,190.83,191.99,190/13,190/28,DN,10.69,38.8,GOOD,WORN,487.5,NORMAL,15.6,5545,45,CLEAN,4,STABLE,True,False,28,0,360
OHE-0034,TRACTION_DISTRIBUTION_OHE,TDL,FZD,211.48,212.58,211/15,211/29,DN,8.98,81.7,CRITICAL,GOOD,502.9,NORMAL,15.2,5539,69,CLEAN,27,STABLE,True,True,306,1,20
OHE-0035,TRACTION_DISTRIBUTION_OHE,NDLS,GZB,13.55,14.55,13/1,13/25,UP,10.85,34.8,GOOD,WORN,583.9,NORMAL,41.7,5593,-17,FLASHOVER_RISK,12,STABLE,True,False,76,0,258
OHE-0036,TRACTION_DISTRIBUTION_OHE,NDLS,GZB,16.35,16.94,16/3,16/30,DN,8.84,85.2,CONDEMN_RENEW,CRITICAL,735.1,NORMAL,40.9,5514,36,CLEAN,24,STABLE,True,True,266,1,12
OHE-0037,TRACTION_DISTRIBUTION_OHE,DER,KRJ,60.7,61.84,60/6,60/30,UP,8.0,100.0,CONDEMN_RENEW,WORN,458.5,NORMAL,25.8,5565,-47,CLEAN,9,STABLE,True,True,355,1,19
OHE-0038,TRACTION_DISTRIBUTION_OHE,DER,KRJ,58.86,59.65,58/1,58/28,DN,10.53,42.9,WORN,GOOD,533.3,NORMAL,33.8,5618,-226,CLEAN,4,STABLE,True,False,86,0,294
OHE-0039,TRACTION_DISTRIBUTION_OHE,TDL,FZD,214.04,215.48,214/3,214/23,UP,11.09,28.8,GOOD,GOOD,594.2,NORMAL,41.9,5479,-148,CLEAN,0,STABLE,True,False,103,0,349
OHE-0040,TRACTION_DISTRIBUTION_OHE,FZD,ETW,250.72,251.52,250/4,250/22,UP,9.77,61.9,WORN,GOOD,571.3,NORMAL,31.5,5431,-40,CLEAN,1,SETTLEMENT,True,False,229,0,273
OHE-0041,TRACTION_DISTRIBUTION_OHE,ETW,PHD,349.85,350.64,349/15,349/31,UP,9.44,70.2,CRITICAL,WORN,351.2,NORMAL,18.7,5534,69,CLEAN,17,TILTING,True,True,177,1,12
OHE-0042,TRACTION_DISTRIBUTION_OHE,NDLS,GZB,17.78,18.6,17/1,17/31,UP,8.0,100.0,CONDEMN_RENEW,WORN,575.4,NORMAL,40.1,5510,20,CLEAN,29,STABLE,True,True,214,1,13
OHE-0043,TRACTION_DISTRIBUTION_OHE,FZD,ETW,285.86,286.44,285/2,285/24,UP,11.91,8.3,GOOD,WORN,555.7,NORMAL,28.6,5599,152,CLEAN,4,STABLE,True,False,24,0,361
OHE-0044,TRACTION_DISTRIBUTION_OHE,FZD,ETW,288.13,289.3,288/11,288/27,DN,10.49,43.9,WORN,GOOD,497.1,NORMAL,28.1,5521,-69,CLEAN,4,STABLE,True,False,57,0,299
OHE-0045,TRACTION_DISTRIBUTION_OHE,GZB,DER,33.32,34.47,33/4,33/19,UP,9.35,72.4,CRITICAL,GOOD,493.5,NORMAL,23.8,5418,-136,CLEAN,28,STABLE,True,True,206,1,21
OHE-0046,TRACTION_DISTRIBUTION_OHE,PHD,CNB,419.71,421.11,419/1,419/30,UP,9.69,63.9,WORN,GOOD,572.5,NORMAL,34.6,5511,27,CLEAN,3,STABLE,True,False,133,0,287
OHE-0047,TRACTION_DISTRIBUTION_OHE,PHD,CNB,361.44,362.4,361/7,361/16,UP,8.0,100.0,CONDEMN_RENEW,GOOD,535.4,NORMAL,23.5,5590,-62,CLEAN,15,STABLE,True,True,350,1,19
OHE-0048,TRACTION_DISTRIBUTION_OHE,KRJ,ALJN,95.0,96.41,95/12,95/32,DN,9.33,72.9,CRITICAL,GOOD,533.6,NORMAL,26.5,5542,-123,CLEAN,9,STABLE,True,True,321,0,202
OHE-0049,TRACTION_DISTRIBUTION_OHE,TDL,FZD,217.57,218.53,217/9,217/16,DN,9.37,71.9,CRITICAL,WORN,357.8,NORMAL,19.8,5722,6,CLEAN,8,STABLE,True,True,299,0,205
OHE-0050,TRACTION_DISTRIBUTION_OHE,DER,KRJ,60.21,61.09,60/7,60/30,UP,9.23,75.4,CRITICAL,WORN,553.8,NORMAL,43.8,5573,-66,POLLUTED,12,STABLE,True,True,266,1,24
OHE-0051,TRACTION_DISTRIBUTION_OHE,PHD,CNB,378.23,378.82,378/3,378/25,UP,9.08,79.2,CRITICAL,WORN,546.4,NORMAL,35.2,5580,-8,POLLUTED,7,STABLE,True,True,145,0,190
OHE-0052,TRACTION_DISTRIBUTION_OHE,GZB,DER,25.01,25.81,25/12,25/23,UP,9.99,56.4,WORN,GOOD,587.1,NORMAL,32.5,5552,81,CLEAN,1,STABLE,True,False,145,0,285
OHE-0053,TRACTION_DISTRIBUTION_OHE,NDLS,GZB,2.93,3.65,2/4,2/32,DN,9.96,57.1,WORN,GOOD,567.9,NORMAL,39.8,5655,59,CLEAN,2,STABLE,True,False,145,0,285
OHE-0054,TRACTION_DISTRIBUTION_OHE,KRJ,ALJN,95.97,97.29,95/1,95/25,DN,8.1,100.0,CONDEMN_RENEW,WORN,398.3,NORMAL,22.9,5428,-17,CLEAN,11,STABLE,True,True,240,1,21
OHE-0055,TRACTION_DISTRIBUTION_OHE,KRJ,ALJN,102.0,103.33,102/12,102/27,UP,10.81,35.8,GOOD,WORN,432.2,NORMAL,21.3,5691,79,CLEAN,0,STABLE,True,False,209,0,333
OHE-0056,TRACTION_DISTRIBUTION_OHE,NDLS,GZB,10.97,12.22,10/15,10/20,DN,9.55,67.4,CRITICAL,GOOD,498.1,NORMAL,24.3,5603,21,CLEAN,27,STABLE,True,True,127,1,22
OHE-0057,TRACTION_DISTRIBUTION_OHE,DER,KRJ,79.91,80.68,79/13,79/30,UP,10.51,43.4,WORN,GOOD,435.8,NORMAL,15.3,5534,3,CLEAN,1,STABLE,True,False,33,0,302
OHE-0058,TRACTION_DISTRIBUTION_OHE,ETW,PHD,318.34,319.42,318/9,318/25,UP,9.27,74.4,CRITICAL,WORN,381.8,NORMAL,18.3,5520,15,POLLUTED,28,STABLE,True,True,267,1,16
OHE-0059,TRACTION_DISTRIBUTION_OHE,ALJN,TDL,193.73,195.22,193/6,193/31,DN,10.41,45.9,WORN,GOOD,311.4,NORMAL,18.5,5574,40,CLEAN,2,STABLE,True,False,232,0,272
OHE-0060,TRACTION_DISTRIBUTION_OHE,PHD,CNB,431.95,432.8,431/7,431/29,DN,9.81,60.9,WORN,GOOD,398.5,NORMAL,16.0,5460,-106,CLEAN,3,STABLE,True,False,160,0,283
OHE-0061,TRACTION_DISTRIBUTION_OHE,NDLS,GZB,2.39,3.06,2/15,2/27,DN,9.02,80.7,CRITICAL,GOOD,444.9,NORMAL,31.6,5544,-6,CLEAN,7,STABLE,True,True,331,0,200
OHE-0062,TRACTION_DISTRIBUTION_OHE,GZB,DER,32.82,34.22,32/6,32/28,DN,10.78,36.6,GOOD,GOOD,636.1,NORMAL,38.5,5557,112,CLEAN,0,STABLE,True,False,93,0,350
OHE-0063,TRACTION_DISTRIBUTION_OHE,NDLS,GZB,0.31,0.95,0/10,0/32,DN,9.77,61.9,WORN,GOOD,707.5,NORMAL,37.5,5570,-92,CLEAN,1,STABLE,True,False,52,0,300
OHE-0064,TRACTION_DISTRIBUTION_OHE,GZB,DER,34.22,35.59,34/10,34/22,DN,10.12,53.1,WORN,GOOD,468.5,NORMAL,16.6,5567,30,CLEAN,1,STABLE,True,False,158,0,283
OHE-0065,TRACTION_DISTRIBUTION_OHE,NDLS,GZB,0.41,1.79,0/8,0/21,UP,11.73,12.8,GOOD,GOOD,553.8,NORMAL,32.6,5588,8,CLEAN,0,STABLE,True,False,72,0,354
OHE-0066,TRACTION_DISTRIBUTION_OHE,NDLS,GZB,0.93,1.9,0/5,0/21,UP,10.78,36.6,GOOD,GOOD,555.5,NORMAL,30.5,5628,74,CLEAN,4,STABLE,True,False,165,0,339
OHE-0067,TRACTION_DISTRIBUTION_OHE,ALJN,TDL,199.23,200.27,199/11,199/23,UP,10.73,37.8,GOOD,WORN,590.8,NORMAL,26.3,5547,74,CLEAN,3,STABLE,True,False,205,0,333
OHE-0068,TRACTION_DISTRIBUTION_OHE,ALJN,TDL,201.46,202.36,201/15,201/24,DN,9.9,58.6,WORN,WORN,359.8,NORMAL,17.9,5507,3,CLEAN,2,STABLE,True,False,162,0,283
OHE-0069,TRACTION_DISTRIBUTION_OHE,NDLS,GZB,10.9,11.99,10/9,10/30,UP,10.11,53.4,WORN,GOOD,407.4,NORMAL,16.0,5545,122,CLEAN,2,STABLE,True,False,198,0,277
OHE-0070,TRACTION_DISTRIBUTION_OHE,PHD,CNB,360.21,361.06,360/10,360/16,DN,11.03,30.3,GOOD,WORN,491.5,NORMAL,32.5,5494,-43,CLEAN,0,STABLE,True,False,111,0,348
OHE-0071,TRACTION_DISTRIBUTION_OHE,FZD,ETW,232.57,233.28,232/10,232/16,UP,12.24,0.0,GOOD,GOOD,616.1,NORMAL,38.0,5595,2,CLEAN,1,STABLE,True,False,41,0,358
OHE-0072,TRACTION_DISTRIBUTION_OHE,NDLS,GZB,6.7,8.03,6/6,6/18,DN,8.0,100.0,CONDEMN_RENEW,GOOD,432.3,NORMAL,21.1,5576,-8,POLLUTED,7,STABLE,True,True,355,1,15
OHE-0073,TRACTION_DISTRIBUTION_OHE,FZD,ETW,288.16,288.96,288/7,288/20,DN,8.72,88.2,CONDEMN_RENEW,WORN,548.8,NORMAL,30.0,5512,29,CLEAN,23,STABLE,True,True,361,1,11
OHE-0074,TRACTION_DISTRIBUTION_OHE,ALJN,TDL,141.03,142.26,141/15,141/25,DN,12.22,0.5,GOOD,GOOD,435.9,NORMAL,27.9,5528,-37,CLEAN,3,STABLE,True,False,27,0,360
OHE-0075,TRACTION_DISTRIBUTION_OHE,ETW,PHD,351.95,352.96,351/13,351/29,UP,10.81,35.8,GOOD,GOOD,439.9,NORMAL,18.3,5569,-29,CLEAN,0,STABLE,True,False,35,0,359
OHE-0076,TRACTION_DISTRIBUTION_OHE,ETW,PHD,323.76,324.51,323/11,323/16,DN,10.22,50.6,WORN,GOOD,524.3,NORMAL,28.2,5541,160,CLEAN,3,STABLE,True,False,199,0,277
OHE-0077,TRACTION_DISTRIBUTION_OHE,FZD,ETW,267.51,268.54,267/7,267/24,DN,9.92,58.1,WORN,GOOD,436.7,NORMAL,24.8,5576,-83,CLEAN,0,STABLE,True,False,257,0,268
OHE-0078,TRACTION_DISTRIBUTION_OHE,ALJN,TDL,156.41,157.02,156/9,156/30,UP,10.99,31.3,GOOD,GOOD,645.9,NORMAL,41.3,5526,3,CLEAN,1,STABLE,True,False,60,0,355
OHE-0079,TRACTION_DISTRIBUTION_OHE,ETW,PHD,321.02,322.02,321/12,321/31,DN,11.62,15.5,GOOD,WORN,480.0,NORMAL,17.4,5521,-111,CLEAN,2,STABLE,True,False,37,0,359
OHE-0080,TRACTION_DISTRIBUTION_OHE,TDL,FZD,224.26,225.05,224/15,224/18,UP,10.45,44.9,WORN,GOOD,695.8,NORMAL,44.9,5536,-38,CLEAN,3,STABLE,True,False,55,0,299
OHE-0081,TRACTION_DISTRIBUTION_OHE,NDLS,GZB,20.04,21.2,20/2,20/24,DN,10.48,44.1,WORN,GOOD,525.1,NORMAL,37.9,5528,74,CLEAN,2,STABLE,True,False,84,0,295
OHE-0082,TRACTION_DISTRIBUTION_OHE,FZD,ETW,273.33,274.55,273/3,273/22,UP,8.0,100.0,CONDEMN_RENEW,WORN,655.5,NORMAL,40.4,5517,-71,FLASHOVER_RISK,25,STABLE,True,True,345,1,1
OHE-0083,TRACTION_DISTRIBUTION_OHE,NDLS,GZB,2.48,3.43,2/13,2/22,DN,10.13,52.9,WORN,GOOD,369.1,NORMAL,17.4,5521,24,CLEAN,4,STABLE,True,False,57,0,299
OHE-0084,TRACTION_DISTRIBUTION_OHE,TDL,FZD,223.06,224.35,223/11,223/21,DN,10.67,39.3,GOOD,GOOD,583.8,NORMAL,25.2,5615,-141,CLEAN,0,STABLE,True,False,173,0,338
OHE-0085,TRACTION_DISTRIBUTION_OHE,NDLS,GZB,20.0,21.43,20/7,20/29,DN,8.94,82.7,CRITICAL,CRITICAL,671.8,NORMAL,39.2,5532,68,CLEAN,5,STABLE,True,True,282,0,208
OHE-0086,TRACTION_DISTRIBUTION_OHE,GZB,DER,29.9,31.18,29/1,29/28,DN,11.37,21.8,GOOD,GOOD,526.2,NORMAL,25.7,5562,12,CLEAN,1,STABLE,True,False,40,0,358
OHE-0087,TRACTION_DISTRIBUTION_OHE,DER,KRJ,71.58,72.36,71/8,71/28,DN,8.0,100.0,CONDEMN_RENEW,CRITICAL,672.5,NORMAL,37.4,5536,-88,CLEAN,6,STABLE,True,True,335,1,19
OHE-0088,TRACTION_DISTRIBUTION_OHE,KRJ,ALJN,124.48,125.15,124/4,124/17,DN,11.51,18.3,GOOD,GOOD,677.4,NORMAL,44.1,5507,-112,CLEAN,2,STABLE,True,False,115,0,347
OHE-0089,TRACTION_DISTRIBUTION_OHE,PHD,CNB,379.3,379.97,379/8,379/24,UP,9.79,61.4,WORN,GOOD,469.2,NORMAL,25.0,5525,-56,CLEAN,4,STABLE,True,False,209,0,276
OHE-0090,TRACTION_DISTRIBUTION_OHE,TDL,FZD,220.7,221.71,220/2,220/20,DN,8.39,96.5,CONDEMN_RENEW,WORN,466.0,NORMAL,16.9,5597,144,CLEAN,21,STABLE,True,True,195,1,13
OHE-0091,TRACTION_DISTRIBUTION_OHE,TDL,FZD,217.51,218.12,217/10,217/22,DN,8.25,100.0,CONDEMN_RENEW,CRITICAL,437.9,NORMAL,28.1,5591,-79,FLASHOVER_RISK,26,STABLE,True,True,338,1,1
OHE-0092,TRACTION_DISTRIBUTION_OHE,TDL,FZD,220.62,221.3,220/11,220/25,DN,11.92,8.0,GOOD,GOOD,612.7,NORMAL,41.4,5543,-17,CLEAN,4,STABLE,True,False,35,0,359
OHE-0093,TRACTION_DISTRIBUTION_OHE,KRJ,ALJN,91.93,93.19,91/9,91/30,UP,11.51,18.3,GOOD,GOOD,480.0,NORMAL,32.0,5579,-26,CLEAN,3,STABLE,True,False,105,0,349
OHE-0094,TRACTION_DISTRIBUTION_OHE,ETW,PHD,306.25,307.03,306/12,306/16,DN,8.0,100.0,CONDEMN_RENEW,GOOD,556.0,NORMAL,40.7,5612,-57,CLEAN,30,STABLE,True,True,205,1,13
OHE-0095,TRACTION_DISTRIBUTION_OHE,DER,KRJ,77.09,77.77,77/10,77/31,UP,8.0,100.0,CONDEMN_RENEW,WORN,516.4,NORMAL,32.3,5571,43,CLEAN,25,STABLE,True,True,112,1,15
OHE-0096,TRACTION_DISTRIBUTION_OHE,ALJN,TDL,182.4,183.79,182/2,182/19,UP,8.0,100.0,CONDEMN_RENEW,GOOD,431.8,NORMAL,16.6,5570,32,CLEAN,27,STABLE,True,True,327,1,11
OHE-0097,TRACTION_DISTRIBUTION_OHE,KRJ,ALJN,113.3,113.97,113/15,113/19,UP,9.72,63.2,WORN,WORN,551.8,NORMAL,38.4,5587,128,CLEAN,2,STABLE,True,False,127,0,288
OHE-0098,TRACTION_DISTRIBUTION_OHE,ETW,PHD,341.57,342.44,341/9,341/22,UP,9.37,71.9,CRITICAL,GOOD,505.7,NORMAL,40.5,5465,-20,CLEAN,26,STABLE,True,True,226,1,21
OHE-0099,TRACTION_DISTRIBUTION_OHE,KRJ,ALJN,113.05,114.14,113/7,113/26,UP,8.95,82.5,CRITICAL,WORN,594.4,NORMAL,40.6,5591,-277,CLEAN,22,STABLE,True,True,223,1,21
OHE-0100,TRACTION_DISTRIBUTION_OHE,PHD,CNB,406.29,407.46,406/11,406/29,UP,8.0,100.0,CONDEMN_RENEW,CRITICAL,505.1,NORMAL,33.6,5607,5,CLEAN,12,STABLE,True,True,356,1,19
OHE-0101,TRACTION_DISTRIBUTION_OHE,PHD,CNB,436.43,437.4,436/15,436/29,UP,10.16,52.1,WORN,GOOD,604.3,NORMAL,31.5,5436,-145,CLEAN,4,STABLE,True,False,252,0,269
OHE-0102,TRACTION_DISTRIBUTION_OHE,PHD,CNB,434.09,435.55,434/13,434/24,DN,9.72,63.2,WORN,WORN,578.4,NORMAL,44.5,5562,91,CLEAN,4,STABLE,True,False,249,0,270
OHE-0103,TRACTION_DISTRIBUTION_OHE,KRJ,ALJN,97.64,98.21,97/3,97/22,UP,12.24,0.0,GOOD,GOOD,543.1,NORMAL,29.1,5606,114,CLEAN,1,STABLE,True,False,24,0,361
OHE-0104,TRACTION_DISTRIBUTION_OHE,FZD,ETW,253.21,254.44,253/5,253/17,UP,9.76,62.2,WORN,GOOD,422.5,NORMAL,26.3,5547,-54,FLASHOVER_RISK,13,STABLE,True,False,145,0,190
OHE-0105,TRACTION_DISTRIBUTION_OHE,FZD,ETW,259.45,260.2,259/7,259/24,UP,8.0,100.0,CONDEMN_RENEW,GOOD,515.9,NORMAL,38.9,5553,-28,CLEAN,9,STABLE,True,True,249,1,21
OHE-0106,TRACTION_DISTRIBUTION_OHE,ETW,PHD,345.61,346.71,345/14,345/27,DN,10.83,35.3,GOOD,GOOD,547.2,NORMAL,35.4,5590,4,CLEAN,2,STABLE,True,False,68,0,354
OHE-0107,TRACTION_DISTRIBUTION_OHE,FZD,ETW,288.74,289.71,288/7,288/23,DN,8.0,100.0,CONDEMN_RENEW,CRITICAL,481.0,NORMAL,23.4,5531,28,CLEAN,17,STABLE,True,True,334,1,11
OHE-0108,TRACTION_DISTRIBUTION_OHE,DER,KRJ,58.12,59.24,58/14,58/27,DN,10.34,47.6,WORN,GOOD,603.1,NORMAL,36.0,5583,-72,CLEAN,4,STABLE,True,False,204,0,276
OHE-0109,TRACTION_DISTRIBUTION_OHE,GZB,DER,31.08,31.8,31/2,31/27,UP,8.61,91.0,CONDEMN_RENEW,CRITICAL,514.7,NORMAL,23.3,5518,16,POLLUTED,25,STABLE,True,True,298,1,8
OHE-0110,TRACTION_DISTRIBUTION_OHE,ETW,PHD,353.97,354.93,353/13,353/19,UP,12.02,5.5,GOOD,GOOD,696.8,NORMAL,40.8,5688,62,POLLUTED,1,STABLE,True,False,55,0,318
OHE-0111,TRACTION_DISTRIBUTION_OHE,GZB,DER,33.26,34.66,33/7,33/28,DN,10.85,34.8,GOOD,GOOD,516.0,NORMAL,24.5,5485,-91,CLEAN,4,STABLE,True,False,139,0,343
OHE-0112,TRACTION_DISTRIBUTION_OHE,GZB,DER,25.2,25.73,25/15,25/26,DN,12.24,0.0,GOOD,GOOD,566.9,NORMAL,38.6,5501,-111,CLEAN,4,STABLE,True,False,22,0,361
OHE-0113,TRACTION_DISTRIBUTION_OHE,DER,KRJ,81.95,83.04,81/15,81/21,DN,10.15,52.4,WORN,GOOD,585.9,NORMAL,28.9,5610,-39,CLEAN,2,STABLE,True,False,119,0,289
OHE-0114,TRACTION_DISTRIBUTION_OHE,ETW,PHD,301.12,302.5,301/15,301/30,DN,8.0,100.0,CONDEMN_RENEW,GOOD,449.6,NORMAL,26.4,5541,-195,CLEAN,31,STABLE,True,True,283,1,12
OHE-0115,TRACTION_DISTRIBUTION_OHE,FZD,ETW,275.27,276.47,275/14,275/32,UP,9.79,61.4,WORN,GOOD,592.7,NORMAL,23.2,5636,-19,CLEAN,1,STABLE,True,False,168,0,282
OHE-0116,TRACTION_DISTRIBUTION_OHE,ALJN,TDL,184.62,186.0,184/7,184/23,DN,10.19,51.4,WORN,WORN,504.9,NORMAL,35.8,5563,0,CLEAN,4,STABLE,True,False,198,0,277
OHE-0117,TRACTION_DISTRIBUTION_OHE,FZD,ETW,253.03,254.45,253/13,253/32,UP,10.06,54.6,WORN,WORN,524.1,NORMAL,21.6,5554,55,CLEAN,4,TILTING,True,False,135,0,192
OHE-0118,TRACTION_DISTRIBUTION_OHE,KRJ,ALJN,112.88,113.52,112/15,112/28,DN,9.11,78.4,CRITICAL,CRITICAL,576.9,NORMAL,42.4,5482,-81,CLEAN,31,STABLE,True,True,365,1,19
OHE-0119,TRACTION_DISTRIBUTION_OHE,ALJN,TDL,141.95,142.61,141/6,141/28,UP,8.08,100.0,CONDEMN_RENEW,WORN,311.5,NORMAL,15.7,5723,-116,CLEAN,5,STABLE,True,True,333,1,19
OHE-0120,TRACTION_DISTRIBUTION_OHE,DER,KRJ,58.63,59.85,58/13,58/23,UP,11.57,16.8,GOOD,GOOD,604.8,NORMAL,24.4,5595,-151,CLEAN,1,STABLE,True,False,107,0,348
OHE-0121,TRACTION_DISTRIBUTION_OHE,DER,KRJ,75.93,77.42,75/7,75/23,UP,9.0,81.2,CRITICAL,WORN,646.1,NORMAL,30.9,5603,92,CLEAN,12,STABLE,True,True,225,0,216
OHE-0122,TRACTION_DISTRIBUTION_OHE,ALJN,TDL,161.67,162.76,161/6,161/29,DN,10.97,31.8,GOOD,GOOD,602.9,NORMAL,28.9,5552,79,CLEAN,3,STABLE,True,False,218,0,331
OHE-0123,TRACTION_DISTRIBUTION_OHE,PHD,CNB,413.99,415.2,413/11,413/26,UP,8.55,92.5,CONDEMN_RENEW,CRITICAL,561.4,NORMAL,26.6,5524,42,CLEAN,12,STABLE,True,True,287,1,20
OHE-0124,TRACTION_DISTRIBUTION_OHE,DER,KRJ,44.48,45.55,44/1,44/23,UP,9.51,68.4,CRITICAL,WORN,498.5,NORMAL,22.1,5575,-114,CLEAN,19,STABLE,True,True,224,1,21
OHE-0125,TRACTION_DISTRIBUTION_OHE,GZB,DER,33.53,34.53,33/14,33/31,UP,11.25,24.8,GOOD,GOOD,600.9,NORMAL,32.4,5572,158,CLEAN,2,STABLE,True,False,30,0,360
OHE-0126,TRACTION_DISTRIBUTION_OHE,DER,KRJ,39.72,41.04,39/6,39/29,DN,11.58,16.5,GOOD,GOOD,414.9,NORMAL,21.1,5577,-98,CLEAN,0,STABLE,True,False,101,0,349
OHE-0127,TRACTION_DISTRIBUTION_OHE,NDLS,GZB,20.24,21.62,20/2,20/26,DN,11.69,13.8,GOOD,WORN,618.7,NORMAL,36.7,5440,-119,CLEAN,3,STABLE,True,False,15,0,362
OHE-0128,TRACTION_DISTRIBUTION_OHE,GZB,DER,35.3,35.96,35/10,35/21,DN,11.4,21.1,GOOD,GOOD,535.1,NORMAL,29.8,5543,91,POLLUTED,2,STABLE,True,False,129,0,307
OHE-0129,TRACTION_DISTRIBUTION_OHE,TDL,FZD,217.34,218.21,217/9,217/31,UP,10.28,49.1,WORN,GOOD,660.3,NORMAL,39.8,5526,-32,CLEAN,4,STABLE,True,False,173,0,281
OHE-0130,TRACTION_DISTRIBUTION_OHE,PHD,CNB,431.26,431.97,431/12,431/20,DN,8.0,100.0,CONDEMN_RENEW,CRITICAL,474.9,NORMAL,24.1,5554,-73,CLEAN,16,STABLE,True,True,303,1,12
OHE-0131,TRACTION_DISTRIBUTION_OHE,NDLS,GZB,17.43,18.61,17/5,17/18,DN,8.0,100.0,CONDEMN_RENEW,CRITICAL,558.3,NORMAL,32.3,5524,40,CLEAN,21,STABLE,True,True,345,1,11
OHE-0132,TRACTION_DISTRIBUTION_OHE,ALJN,TDL,172.72,173.29,172/2,172/24,UP,12.24,0.0,GOOD,WORN,437.0,NORMAL,19.8,5610,-12,CLEAN,3,STABLE,True,False,61,0,355
OHE-0133,TRACTION_DISTRIBUTION_OHE,PHD,CNB,364.23,365.07,364/6,364/17,DN,8.0,100.0,CONDEMN_RENEW,WORN,486.0,NORMAL,30.2,5591,0,CLEAN,24,STABLE,True,True,348,1,11
OHE-0134,TRACTION_DISTRIBUTION_OHE,ETW,PHD,330.57,331.28,330/14,330/23,DN,8.72,88.2,CONDEMN_RENEW,WORN,363.2,NORMAL,20.1,5551,-66,CLEAN,17,STABLE,True,True,265,1,12
OHE-0135,TRACTION_DISTRIBUTION_OHE,FZD,ETW,228.94,229.7,228/1,228/30,DN,10.65,39.8,GOOD,GOOD,391.1,NORMAL,21.1,5563,-5,CLEAN,1,STABLE,True,False,12,0,363
OHE-0136,TRACTION_DISTRIBUTION_OHE,DER,KRJ,70.24,70.88,70/6,70/17,UP,12.24,0.0,GOOD,GOOD,530.0,NORMAL,38.3,5590,-147,FLASHOVER_RISK,19,STABLE,True,False,90,0,180
OHE-0137,TRACTION_DISTRIBUTION_OHE,NDLS,GZB,13.55,14.38,13/10,13/29,DN,11.6,16.0,GOOD,GOOD,448.6,NORMAL,19.3,5422,-149,CLEAN,2,STABLE,True,False,60,0,355
OHE-0138,TRACTION_DISTRIBUTION_OHE,KRJ,ALJN,126.77,127.43,126/8,126/26,UP,8.86,84.7,CRITICAL,CRITICAL,559.9,NORMAL,24.6,5648,-47,POLLUTED,26,SETTLEMENT,True,True,177,1,18
OHE-0139,TRACTION_DISTRIBUTION_OHE,PHD,CNB,368.73,370.2,368/3,368/26,DN,10.77,36.8,GOOD,GOOD,643.0,NORMAL,40.3,5603,-48,CLEAN,2,STABLE,True,False,200,0,334
OHE-0140,TRACTION_DISTRIBUTION_OHE,ETW,PHD,332.32,332.9,332/10,332/16,UP,10.09,53.9,WORN,GOOD,566.3,NORMAL,20.8,5638,77,POLLUTED,4,STABLE,True,False,65,0,260
OHE-0141,TRACTION_DISTRIBUTION_OHE,GZB,DER,26.7,27.69,26/1,26/20,DN,10.54,42.6,WORN,WORN,463.9,NORMAL,29.4,5496,-22,CLEAN,4,STABLE,True,False,115,0,290
OHE-0142,TRACTION_DISTRIBUTION_OHE,ALJN,TDL,134.0,134.95,134/6,134/18,DN,9.66,64.7,WORN,GOOD,679.1,NORMAL,36.2,5590,0,CLEAN,2,STABLE,True,False,182,0,280
OHE-0143,TRACTION_DISTRIBUTION_OHE,ETW,PHD,343.36,344.34,343/9,343/22,UP,11.19,26.3,GOOD,GOOD,524.6,NORMAL,44.3,5588,-1,CLEAN,1,STABLE,True,False,43,0,358
OHE-0144,TRACTION_DISTRIBUTION_OHE,FZD,ETW,234.94,236.38,234/13,234/24,DN,9.48,69.2,CRITICAL,GOOD,504.5,NORMAL,26.0,5523,-72,CLEAN,25,STABLE,True,True,213,1,21
OHE-0145,TRACTION_DISTRIBUTION_OHE,ALJN,TDL,142.53,143.93,142/5,142/30,UP,8.32,98.2,CONDEMN_RENEW,CRITICAL,586.8,NORMAL,31.0,5598,-78,CLEAN,11,STABLE,True,True,284,1,20
OHE-0146,TRACTION_DISTRIBUTION_OHE,FZD,ETW,275.01,276.5,275/15,275/30,DN,9.37,71.9,CRITICAL,GOOD,590.0,NORMAL,23.6,5595,24,CLEAN,10,STABLE,True,True,322,0,202
OHE-0147,TRACTION_DISTRIBUTION_OHE,KRJ,ALJN,94.85,96.1,94/14,94/25,DN,10.64,40.1,WORN,GOOD,474.1,NORMAL,22.5,5538,82,CLEAN,3,TILTING,True,False,166,0,187
OHE-0148,TRACTION_DISTRIBUTION_OHE,GZB,DER,33.5,34.59,33/14,33/25,UP,11.1,28.6,GOOD,GOOD,618.6,NORMAL,42.9,5541,-140,POLLUTED,1,STABLE,True,False,180,0,299
OHE-0149,TRACTION_DISTRIBUTION_OHE,TDL,FZD,220.49,221.8,220/12,220/18,DN,11.48,19.0,GOOD,WORN,535.8,NORMAL,25.3,5596,-78,CLEAN,4,STABLE,True,False,128,0,345
OHE-0150,TRACTION_DISTRIBUTION_OHE,FZD,ETW,280.77,282.19,280/8,280/25,UP,9.09,78.9,CRITICAL,WORN,618.0,NORMAL,40.5,5434,38,FLASHOVER_RISK,20,STABLE,True,True,128,1,12
OHE-0151,TRACTION_DISTRIBUTION_OHE,DER,KRJ,78.21,79.3,78/2,78/21,UP,10.41,45.9,WORN,WORN,609.9,NORMAL,36.4,5476,33,CLEAN,0,STABLE,True,False,99,0,292
OHE-0152,TRACTION_DISTRIBUTION_OHE,DER,KRJ,48.58,49.73,48/9,48/30,DN,11.94,7.5,GOOD,GOOD,482.1,NORMAL,24.8,5575,68,CLEAN,3,STABLE,True,False,47,0,357
OHE-0153,TRACTION_DISTRIBUTION_OHE,GZB,DER,34.09,34.78,34/11,34/28,DN,10.41,45.9,WORN,GOOD,402.2,NORMAL,17.4,5541,-111,CLEAN,2,SETTLEMENT,True,False,161,0,283
OHE-0154,TRACTION_DISTRIBUTION_OHE,KRJ,ALJN,115.94,116.91,115/9,115/28,DN,9.1,78.7,CRITICAL,GOOD,423.0,NORMAL,29.5,5400,70,CLEAN,11,STABLE,True,True,288,0,207
OHE-0155,TRACTION_DISTRIBUTION_OHE,GZB,DER,30.55,31.09,30/4,30/26,DN,11.33,22.8,GOOD,GOOD,554.0,NORMAL,26.7,5554,-55,CLEAN,3,STABLE,True,False,27,0,360
OHE-0156,TRACTION_DISTRIBUTION_OHE,DER,KRJ,79.03,80.4,79/3,79/28,DN,8.2,100.0,CONDEMN_RENEW,WORN,559.1,NORMAL,34.7,5535,-34,POLLUTED,25,STABLE,True,True,248,1,9
OHE-0157,TRACTION_DISTRIBUTION_OHE,NDLS,GZB,23.35,23.93,23/2,23/21,DN,8.77,87.0,CONDEMN_RENEW,WORN,431.9,NORMAL,28.4,5486,51,CLEAN,25,STABLE,True,True,185,1,14
OHE-0158,TRACTION_DISTRIBUTION_OHE,GZB,DER,32.13,32.87,32/12,32/21,DN,8.83,85.5,CONDEMN_RENEW,WORN,404.0,NORMAL,18.9,5484,-33,CLEAN,23,STABLE,True,True,287,1,12
OHE-0159,TRACTION_DISTRIBUTION_OHE,NDLS,GZB,6.07,6.98,6/3,6/21,UP,8.0,100.0,CONDEMN_RENEW,CRITICAL,510.8,NORMAL,21.4,5437,-67,CLEAN,34,STABLE,True,True,340,1,11
OHE-0160,TRACTION_DISTRIBUTION_OHE,TDL,FZD,222.0,222.92,222/9,222/26,UP,8.57,92.0,CONDEMN_RENEW,GOOD,446.9,NORMAL,26.7,5467,163,CLEAN,19,STABLE,True,True,185,1,14
OHE-0161,TRACTION_DISTRIBUTION_OHE,NDLS,GZB,11.01,12.02,11/12,11/29,UP,11.4,21.1,GOOD,GOOD,648.5,NORMAL,26.5,5604,-5,CLEAN,2,STABLE,True,False,58,0,356
OHE-0162,TRACTION_DISTRIBUTION_OHE,DER,KRJ,59.34,60.62,59/15,59/18,DN,9.87,59.4,WORN,WORN,566.8,NORMAL,43.7,5602,107,CLEAN,4,STABLE,True,False,183,0,280
OHE-0163,TRACTION_DISTRIBUTION_OHE,ALJN,TDL,161.72,162.79,161/14,161/27,DN,8.52,93.2,CONDEMN_RENEW,CRITICAL,531.6,NORMAL,22.7,5486,-26,FLASHOVER_RISK,32,STABLE,True,True,337,1,1
OHE-0164,TRACTION_DISTRIBUTION_OHE,FZD,ETW,272.41,273.26,272/4,272/18,UP,9.03,80.5,CRITICAL,GOOD,680.2,NORMAL,43.9,5473,-66,CLEAN,14,STABLE,True,True,303,0,204
OHE-0165,TRACTION_DISTRIBUTION_OHE,NDLS,GZB,5.77,6.74,5/15,5/17,UP,10.14,52.6,WORN,GOOD,677.5,NORMAL,43.6,5572,-62,POLLUTED,2,SETTLEMENT,True,False,196,0,240
OHE-0166,TRACTION_DISTRIBUTION_OHE,PHD,CNB,393.13,394.58,393/11,393/29,DN,11.36,22.1,GOOD,GOOD,616.3,NORMAL,34.1,5573,44,FLASHOVER_RISK,11,STABLE,True,False,62,0,260
OHE-0167,TRACTION_DISTRIBUTION_OHE,ALJN,TDL,186.3,187.31,186/4,186/16,UP,8.7,88.7,CONDEMN_RENEW,WORN,719.4,NORMAL,36.7,5606,87,CLEAN,12,STABLE,True,True,339,1,19
OHE-0168,TRACTION_DISTRIBUTION_OHE,DER,KRJ,69.92,70.48,69/8,69/21,DN,10.22,50.6,WORN,GOOD,528.9,NORMAL,24.7,5460,-82,CLEAN,4,STABLE,True,False,231,0,272
OHE-0169,TRACTION_DISTRIBUTION_OHE,ALJN,TDL,185.77,187.09,185/3,185/30,UP,9.44,70.2,CRITICAL,GOOD,651.3,NORMAL,43.3,5448,-90,CLEAN,24,STABLE,True,True,178,1,22
OHE-0170,TRACTION_DISTRIBUTION_OHE,ETW,PHD,309.52,310.16,309/2,309/31,UP,8.74,87.7,CONDEMN_RENEW,CRITICAL,459.5,NORMAL,32.9,5538,29,CLEAN,11,STABLE,True,True,257,1,20
OHE-0171,TRACTION_DISTRIBUTION_OHE,PHD,CNB,385.51,386.64,385/1,385/17,UP,8.53,93.0,CONDEMN_RENEW,WORN,539.2,NORMAL,37.7,5562,79,CLEAN,25,STABLE,True,True,259,1,12
OHE-0172,TRACTION_DISTRIBUTION_OHE,FZD,ETW,282.06,283.22,282/9,282/27,DN,8.52,93.2,CONDEMN_RENEW,CRITICAL,643.6,NORMAL,42.1,5488,-13,CLEAN,26,STABLE,True,True,198,1,13
OHE-0173,TRACTION_DISTRIBUTION_OHE,KRJ,ALJN,104.72,105.59,104/5,104/17,UP,11.12,28.1,GOOD,WORN,512.5,NORMAL,34.0,5475,66,CLEAN,3,STABLE,True,False,201,0,334
OHE-0174,TRACTION_DISTRIBUTION_OHE,ALJN,TDL,167.01,167.83,167/5,167/20,DN,9.3,73.7,CRITICAL,GOOD,601.2,NORMAL,39.2,5537,89,FLASHOVER_RISK,29,STABLE,True,True,300,1,10
OHE-0175,TRACTION_DISTRIBUTION_OHE,KRJ,ALJN,126.73,127.75,126/4,126/32,DN,10.07,54.4,WORN,GOOD,379.3,NORMAL,27.0,5456,-46,POLLUTED,4,STABLE,True,False,163,0,245
OHE-0176,TRACTION_DISTRIBUTION_OHE,PHD,CNB,378.28,378.88,378/4,378/17,DN,10.64,40.1,WORN,GOOD,515.7,NORMAL,34.3,5525,-142,CLEAN,1,STABLE,True,False,216,0,275
OHE-0177,TRACTION_DISTRIBUTION_OHE,FZD,ETW,233.06,234.07,233/14,233/29,DN,9.65,64.9,WORN,GOOD,581.5,NORMAL,41.1,5553,-44,CLEAN,0,STABLE,True,False,193,0,278
OHE-0178,TRACTION_DISTRIBUTION_OHE,ALJN,TDL,145.61,146.83,145/9,145/18,UP,11.42,20.6,GOOD,WORN,621.0,NORMAL,29.7,5565,-177,CLEAN,3,STABLE,True,False,81,0,352
OHE-0179,TRACTION_DISTRIBUTION_OHE,TDL,FZD,217.59,218.31,217/4,217/20,DN,10.23,50.4,WORN,GOOD,446.8,NORMAL,30.3,5527,74,CLEAN,2,STABLE,True,False,184,0,280
OHE-0180,TRACTION_DISTRIBUTION_OHE,ALJN,TDL,148.08,149.13,148/5,148/29,DN,11.45,19.8,GOOD,GOOD,693.8,NORMAL,42.4,5495,6,CLEAN,0,SETTLEMENT,True,False,52,0,357
OHE-0181,TRACTION_DISTRIBUTION_OHE,PHD,CNB,371.3,372.67,371/6,371/32,DN,8.66,89.7,CONDEMN_RENEW,GOOD,464.6,NORMAL,16.5,5646,-128,CLEAN,18,STABLE,True,True,169,1,14
OHE-0182,TRACTION_DISTRIBUTION_OHE,FZD,ETW,248.42,249.81,248/9,248/17,UP,9.47,69.4,CRITICAL,GOOD,506.1,NORMAL,21.8,5436,46,CLEAN,15,STABLE,True,True,199,0,220
OHE-0183,TRACTION_DISTRIBUTION_OHE,ALJN,TDL,143.67,144.79,143/15,143/31,UP,9.6,66.2,CRITICAL,GOOD,451.2,NORMAL,25.4,5445,-73,CLEAN,35,STABLE,True,True,263,1,20
OHE-0184,TRACTION_DISTRIBUTION_OHE,GZB,DER,29.23,30.17,29/4,29/19,UP,8.93,83.0,CRITICAL,CRITICAL,569.7,NORMAL,36.4,5555,43,CLEAN,17,STABLE,True,True,314,1,19
OHE-0185,TRACTION_DISTRIBUTION_OHE,KRJ,ALJN,109.02,110.19,109/9,109/26,DN,11.03,30.3,GOOD,GOOD,418.0,NORMAL,23.4,5498,128,CLEAN,0,STABLE,True,False,60,0,355
OHE-0186,TRACTION_DISTRIBUTION_OHE,GZB,DER,29.41,30.12,29/12,29/17,DN,8.37,97.0,CONDEMN_RENEW,CRITICAL,530.2,NORMAL,15.5,5667,-21,CLEAN,25,STABLE,True,True,333,1,11
OHE-0187,TRACTION_DISTRIBUTION_OHE,GZB,DER,26.55,27.99,26/14,26/21,UP,9.21,75.9,CRITICAL,GOOD,442.2,NORMAL,30.9,5588,-10,CLEAN,25,STABLE,True,True,262,1,20
OHE-0188,TRACTION_DISTRIBUTION_OHE,KRJ,ALJN,95.51,96.58,95/6,95/27,UP,8.0,100.0,CONDEMN_RENEW,GOOD,429.9,NORMAL,25.4,5615,3,CLEAN,18,SETTLEMENT,True,True,290,1,12
OHE-0189,TRACTION_DISTRIBUTION_OHE,ETW,PHD,321.55,323.05,321/5,321/20,UP,8.01,100.0,CONDEMN_RENEW,WORN,326.8,NORMAL,17.3,5546,-53,CLEAN,20,STABLE,True,True,315,1,11
OHE-0190,TRACTION_DISTRIBUTION_OHE,ETW,PHD,301.91,303.13,301/15,301/21,UP,8.87,84.5,CRITICAL,CRITICAL,597.7,NORMAL,37.6,5487,2,CLEAN,23,STABLE,True,True,331,1,19
OHE-0191,TRACTION_DISTRIBUTION_OHE,FZD,ETW,242.97,243.79,242/4,242/26,UP,10.31,48.4,WORN,GOOD,649.7,NORMAL,39.9,5516,-24,FLASHOVER_RISK,18,STABLE,True,False,121,1,19
OHE-0192,TRACTION_DISTRIBUTION_OHE,KRJ,ALJN,114.38,115.69,114/11,114/21,UP,8.73,88.0,CONDEMN_RENEW,CRITICAL,567.2,NORMAL,28.7,5628,135,CLEAN,35,STABLE,True,True,266,1,12
OHE-0193,TRACTION_DISTRIBUTION_OHE,TDL,FZD,216.73,217.45,216/8,216/32,UP,10.64,40.1,WORN,GOOD,562.8,NORMAL,43.6,5573,-77,CLEAN,1,STABLE,True,False,155,0,284
OHE-0194,TRACTION_DISTRIBUTION_OHE,GZB,DER,32.7,33.52,32/14,32/17,DN,10.97,31.8,GOOD,GOOD,537.2,NORMAL,34.8,5534,81,CLEAN,3,STABLE,True,False,181,0,337
OHE-0195,TRACTION_DISTRIBUTION_OHE,GZB,DER,31.42,32.76,31/6,31/32,UP,8.56,92.2,CONDEMN_RENEW,GOOD,457.2,NORMAL,17.1,5604,46,FLASHOVER_RISK,23,STABLE,True,True,315,1,1
OHE-0196,TRACTION_DISTRIBUTION_OHE,ETW,PHD,304.21,305.36,304/13,304/25,DN,8.81,86.0,CONDEMN_RENEW,WORN,534.1,NORMAL,34.4,5528,-6,CLEAN,18,STABLE,True,True,313,1,11
OHE-0197,TRACTION_DISTRIBUTION_OHE,ALJN,TDL,156.33,157.65,156/1,156/23,DN,10.69,38.8,GOOD,GOOD,602.7,NORMAL,41.3,5502,136,POLLUTED,0,STABLE,True,False,256,0,288
OHE-0198,TRACTION_DISTRIBUTION_OHE,TDL,FZD,211.81,212.88,211/2,211/26,DN,11.38,21.6,GOOD,GOOD,608.2,NORMAL,37.7,5646,-3,CLEAN,2,STABLE,True,False,22,0,361
OHE-0199,TRACTION_DISTRIBUTION_OHE,FZD,ETW,252.6,253.29,252/10,252/21,UP,10.6,41.1,WORN,GOOD,570.8,NORMAL,26.0,5487,-69,POLLUTED,4,STABLE,True,False,252,0,231
OHE-0200,TRACTION_DISTRIBUTION_OHE,DER,KRJ,68.54,69.99,68/5,68/25,DN,9.42,70.7,CRITICAL,GOOD,521.8,NORMAL,27.8,5617,-205,CLEAN,22,STABLE,True,True,203,1,21
OHE-0201,TRACTION_DISTRIBUTION_OHE,NDLS,GZB,7.72,8.36,7/12,7/29,DN,8.0,100.0,CONDEMN_RENEW,WORN,491.8,NORMAL,18.3,5582,-67,CLEAN,31,STABLE,True,True,346,1,11
OHE-0202,TRACTION_DISTRIBUTION_OHE,KRJ,ALJN,117.33,118.04,117/15,117/25,DN,8.85,85.0,CONDEMN_RENEW,WORN,526.3,NORMAL,26.9,5477,-20,CLEAN,26,STABLE,True,True,267,1,12
OHE-0203,TRACTION_DISTRIBUTION_OHE,KRJ,ALJN,117.07,118.06,117/11,117/24,UP,11.57,16.8,GOOD,GOOD,560.6,NORMAL,41.2,5571,-158,CLEAN,1,STABLE,True,False,50,0,357
OHE-0204,TRACTION_DISTRIBUTION_OHE,NDLS,GZB,17.36,18.53,17/15,17/29,UP,9.63,65.4,CRITICAL,GOOD,429.4,NORMAL,17.0,5589,-45,CLEAN,27,STABLE,True,True,365,1,19
OHE-0205,TRACTION_DISTRIBUTION_OHE,FZD,ETW,283.76,284.77,283/6,283/30,UP,8.55,92.5,CONDEMN_RENEW,WORN,617.7,NORMAL,37.9,5522,-11,CLEAN,9,STABLE,True,True,239,1,21
OHE-0206,TRACTION_DISTRIBUTION_OHE,ALJN,TDL,167.39,168.6,167/5,167/23,DN,8.0,100.0,CONDEMN_RENEW,CRITICAL,568.8,NORMAL,29.4,5462,118,CLEAN,28,STABLE,True,True,284,1,12
OHE-0207,TRACTION_DISTRIBUTION_OHE,TDL,FZD,221.89,223.2,221/11,221/17,DN,10.08,54.1,WORN,WORN,516.5,NORMAL,18.3,5614,31,FLASHOVER_RISK,33,STABLE,True,False,145,1,18
OHE-0208,TRACTION_DISTRIBUTION_OHE,ALJN,TDL,206.95,207.67,206/12,206/31,UP,11.9,8.5,GOOD,GOOD,686.5,NORMAL,33.6,5560,-36,CLEAN,2,STABLE,True,False,76,0,353
OHE-0209,TRACTION_DISTRIBUTION_OHE,ALJN,TDL,145.85,146.36,145/9,145/19,UP,8.0,100.0,CONDEMN_RENEW,WORN,580.3,NORMAL,37.9,5606,-111,CLEAN,10,STABLE,True,True,304,1,20
OHE-0210,TRACTION_DISTRIBUTION_OHE,PHD,CNB,437.02,437.83,437/8,437/27,UP,12.24,0.0,GOOD,GOOD,547.3,NORMAL,32.5,5536,73,CLEAN,0,SETTLEMENT,True,False,37,0,359
OHE-0211,TRACTION_DISTRIBUTION_OHE,TDL,FZD,220.06,220.57,220/6,220/26,DN,11.82,10.5,GOOD,GOOD,491.8,NORMAL,21.9,5532,-9,CLEAN,4,STABLE,True,False,10,0,363
OHE-0212,TRACTION_DISTRIBUTION_OHE,ETW,PHD,308.24,309.22,308/5,308/21,UP,8.0,100.0,CONDEMN_RENEW,WORN,462.0,NORMAL,16.0,5487,-61,CLEAN,17,STABLE,True,True,329,1,11
OHE-0213,TRACTION_DISTRIBUTION_OHE,PHD,CNB,382.71,383.64,382/9,382/17,UP,10.11,53.4,WORN,GOOD,435.1,NORMAL,23.2,5530,72,CLEAN,3,STABLE,True,False,134,0,287
OHE-0214,TRACTION_DISTRIBUTION_OHE,FZD,ETW,294.99,295.72,294/5,294/21,UP,8.9,83.7,CRITICAL,WORN,498.0,NORMAL,35.6,5522,-83,CLEAN,17,STABLE,True,True,339,1,19
OHE-0215,TRACTION_DISTRIBUTION_OHE,NDLS,GZB,13.85,14.62,13/12,13/19,UP,10.2,51.1,WORN,GOOD,501.6,NORMAL,15.3,5684,67,POLLUTED,4,STABLE,True,False,166,0,244
OHE-0216,TRACTION_DISTRIBUTION_OHE,NDLS,GZB,21.34,22.17,21/3,21/22,UP,9.15,77.4,CRITICAL,CRITICAL,527.8,NORMAL,38.2,5553,104,CLEAN,35,STABLE,True,True,174,1,22
OHE-0217,TRACTION_DISTRIBUTION_OHE,ETW,PHD,348.84,350.05,348/1,348/18,DN,10.91,33.3,GOOD,GOOD,537.5,NORMAL,25.6,5522,85,CLEAN,2,STABLE,True,False,216,0,332
OHE-0218,TRACTION_DISTRIBUTION_OHE,ETW,PHD,316.78,317.64,316/6,316/31,UP,10.6,41.1,WORN,GOOD,535.4,NORMAL,32.5,5500,-44,CLEAN,4,STABLE,True,False,45,0,301
OHE-0219,TRACTION_DISTRIBUTION_OHE,ETW,PHD,313.93,314.83,313/3,313/30,UP,8.75,87.5,CONDEMN_RENEW,WORN,540.5,NORMAL,26.1,5550,-41,CLEAN,14,STABLE,True,True,253,1,20
OHE-0220,TRACTION_DISTRIBUTION_OHE,FZD,ETW,229.91,231.13,229/10,229/17,DN,9.99,56.4,WORN,GOOD,584.7,NORMAL,33.2,5427,86,CLEAN,0,STABLE,True,False,162,0,283
OHE-0221,TRACTION_DISTRIBUTION_OHE,ETW,PHD,301.45,302.36,301/12,301/20,UP,9.97,56.9,WORN,GOOD,590.9,NORMAL,27.4,5549,-27,CLEAN,1,STABLE,True,False,241,0,271
OHE-0222,TRACTION_DISTRIBUTION_OHE,DER,KRJ,81.27,82.53,81/11,81/30,UP,10.41,45.9,WORN,GOOD,650.4,NORMAL,39.3,5473,-9,CLEAN,4,STABLE,True,False,155,0,284
OHE-0223,TRACTION_DISTRIBUTION_OHE,TDL,FZD,217.88,219.05,217/11,217/30,UP,11.78,11.5,GOOD,GOOD,616.0,NORMAL,41.7,5487,-73,CLEAN,4,STABLE,True,False,143,0,343
OHE-0224,TRACTION_DISTRIBUTION_OHE,FZD,ETW,258.35,259.62,258/10,258/24,DN,9.99,56.4,WORN,GOOD,668.1,NORMAL,31.7,5555,-63,CLEAN,3,STABLE,True,False,140,0,286
OHE-0225,TRACTION_DISTRIBUTION_OHE,NDLS,GZB,10.79,11.61,10/4,10/27,UP,11.01,30.8,GOOD,GOOD,620.3,NORMAL,34.9,5570,43,CLEAN,3,SETTLEMENT,True,False,140,0,343
OHE-0226,TRACTION_DISTRIBUTION_OHE,DER,KRJ,77.88,78.68,77/4,77/30,UP,11.68,14.0,GOOD,GOOD,574.0,NORMAL,41.7,5516,49,CLEAN,3,STABLE,True,False,29,0,360
OHE-0227,TRACTION_DISTRIBUTION_OHE,KRJ,ALJN,128.27,129.55,128/15,128/24,DN,10.17,51.9,WORN,GOOD,504.5,NORMAL,20.4,5606,97,CLEAN,4,STABLE,True,False,192,0,278
OHE-0228,TRACTION_DISTRIBUTION_OHE,FZD,ETW,280.78,281.81,280/7,280/16,UP,8.97,82.0,CRITICAL,GOOD,423.6,NORMAL,19.4,5519,123,CLEAN,30,SETTLEMENT,True,True,266,1,20
OHE-0229,TRACTION_DISTRIBUTION_OHE,KRJ,ALJN,113.1,114.19,113/5,113/25,UP,9.5,68.7,CRITICAL,GOOD,420.2,NORMAL,17.7,5561,31,CLEAN,35,STABLE,True,True,355,1,19
OHE-0230,TRACTION_DISTRIBUTION_OHE,PHD,CNB,402.27,402.83,402/15,402/30,DN,11.03,30.3,GOOD,GOOD,695.6,NORMAL,39.1,5542,33,CLEAN,1,STABLE,True,False,52,0,357
OHE-0231,TRACTION_DISTRIBUTION_OHE,KRJ,ALJN,103.35,104.49,103/4,103/18,UP,8.12,100.0,CONDEMN_RENEW,WORN,508.6,NORMAL,37.2,5623,78,CLEAN,35,STABLE,True,True,339,1,11
OHE-0232,TRACTION_DISTRIBUTION_OHE,FZD,ETW,297.33,297.85,297/7,297/30,DN,8.2,100.0,CONDEMN_RENEW,WORN,523.0,NORMAL,32.1,5577,-153,CLEAN,13,STABLE,True,True,354,1,19
OHE-0233,TRACTION_DISTRIBUTION_OHE,DER,KRJ,73.58,74.78,73/14,73/16,UP,8.0,100.0,CONDEMN_RENEW,WORN,435.0,NORMAL,24.2,5579,-82,CLEAN,11,STABLE,True,True,319,1,19
OHE-0234,TRACTION_DISTRIBUTION_OHE,KRJ,ALJN,104.61,105.39,104/2,104/30,UP,12.12,3.0,GOOD,WORN,556.0,NORMAL,23.8,5583,19,CLEAN,1,STABLE,True,False,11,0,363
OHE-0235,TRACTION_DISTRIBUTION_OHE,TDL,FZD,221.08,221.74,221/6,221/16,UP,9.8,61.2,WORN,GOOD,511.3,NORMAL,36.0,5613,-114,CLEAN,1,STABLE,True,False,309,0,261
OHE-0236,TRACTION_DISTRIBUTION_OHE,ETW,PHD,331.5,332.44,331/10,331/24,DN,9.5,68.7,CRITICAL,GOOD,590.0,NORMAL,32.7,5477,-44,FLASHOVER_RISK,15,STABLE,True,True,171,1,20
OHE-0237,TRACTION_DISTRIBUTION_OHE,ALJN,TDL,185.41,186.23,185/5,185/18,UP,10.58,41.6,WORN,GOOD,386.0,NORMAL,15.6,5524,34,CLEAN,1,STABLE,True,False,135,0,287
OHE-0238,TRACTION_DISTRIBUTION_OHE,ALJN,TDL,145.5,146.38,145/10,145/25,DN,8.86,84.7,CRITICAL,WORN,646.6,NORMAL,43.7,5645,-6,CLEAN,26,STABLE,True,True,285,1,20
OHE-0239,TRACTION_DISTRIBUTION_OHE,DER,KRJ,39.08,40.27,39/7,39/22,UP,10.78,36.6,GOOD,GOOD,703.9,NORMAL,39.1,5509,75,CLEAN,2,STABLE,True,False,200,0,334
OHE-0240,TRACTION_DISTRIBUTION_OHE,TDL,FZD,224.27,225.0,224/10,224/24,DN,9.48,69.2,CRITICAL,WORN,610.5,NORMAL,31.9,5592,-11,CLEAN,24,STABLE,True,True,162,1,22
OHE-0241,TRACTION_DISTRIBUTION_OHE,DER,KRJ,50.19,51.11,50/5,50/31,DN,8.31,98.5,CONDEMN_RENEW,WORN,478.3,NORMAL,19.6,5467,-121,CLEAN,34,STABLE,True,True,272,1,12
OHE-0242,TRACTION_DISTRIBUTION_OHE,GZB,DER,29.51,30.69,29/6,29/17,DN,8.0,100.0,CONDEMN_RENEW,CRITICAL,374.4,NORMAL,16.0,5473,77,FLASHOVER_RISK,9,STABLE,True,True,346,1,9
OHE-0243,TRACTION_DISTRIBUTION_OHE,ETW,PHD,308.49,309.87,308/10,308/26,UP,11.91,8.3,GOOD,GOOD,480.9,NORMAL,37.3,5636,-58,POLLUTED,4,STABLE,True,False,33,0,321
OHE-0244,TRACTION_DISTRIBUTION_OHE,KRJ,ALJN,91.59,92.71,91/1,91/31,UP,8.0,100.0,CONDEMN_RENEW,WORN,608.2,NORMAL,35.9,5595,25,CLEAN,7,SETTLEMENT,True,True,361,1,19
OHE-0245,TRACTION_DISTRIBUTION_OHE,ALJN,TDL,207.5,208.93,207/9,207/27,UP,9.26,74.7,CRITICAL,WORN,384.0,NORMAL,20.3,5544,-12,CLEAN,31,STABLE,True,True,312,1,20
OHE-0246,TRACTION_DISTRIBUTION_OHE,GZB,DER,33.19,33.85,33/10,33/26,DN,8.92,83.2,CRITICAL,WORN,378.8,NORMAL,20.2,5479,14,CLEAN,11,STABLE,True,True,351,0,197
OHE-0247,TRACTION_DISTRIBUTION_OHE,PHD,CNB,411.21,412.55,411/8,411/27,UP,8.77,87.0,CONDEMN_RENEW,WORN,390.6,NORMAL,18.5,5663,105,CLEAN,7,STABLE,True,True,352,1,19
OHE-0248,TRACTION_DISTRIBUTION_OHE,TDL,FZD,214.28,215.33,214/11,214/31,UP,10.39,46.4,WORN,GOOD,457.0,NORMAL,17.5,5584,-59,CLEAN,4,STABLE,True,False,13,0,306
OHE-0249,TRACTION_DISTRIBUTION_OHE,ETW,PHD,309.53,310.41,309/6,309/21,UP,10.63,40.4,WORN,WORN,577.0,NORMAL,30.5,5445,65,CLEAN,2,STABLE,True,False,196,0,278
OHE-0250,TRACTION_DISTRIBUTION_OHE,ETW,PHD,321.15,321.96,321/14,321/22,UP,9.36,72.2,CRITICAL,GOOD,523.8,NORMAL,25.0,5520,36,CLEAN,17,STABLE,True,True,187,1,22
OHE-0251,TRACTION_DISTRIBUTION_OHE,TDL,FZD,224.01,225.29,224/3,224/30,UP,12.24,0.0,GOOD,GOOD,664.6,NORMAL,40.2,5522,-108,CLEAN,4,STABLE,True,False,14,0,362
OHE-0252,TRACTION_DISTRIBUTION_OHE,NDLS,GZB,2.67,3.75,2/7,2/28,DN,10.34,47.6,WORN,GOOD,554.0,NORMAL,19.3,5564,-111,CLEAN,2,STABLE,True,False,59,0,299
OHE-0253,TRACTION_DISTRIBUTION_OHE,ALJN,TDL,170.61,171.54,170/15,170/27,UP,10.63,40.4,WORN,GOOD,583.0,NORMAL,33.6,5454,21,CLEAN,2,TILTING,True,False,133,0,192
OHE-0254,TRACTION_DISTRIBUTION_OHE,NDLS,GZB,19.53,20.51,19/10,19/25,UP,8.72,88.2,CONDEMN_RENEW,WORN,455.3,NORMAL,17.6,5543,62,CLEAN,24,STABLE,True,True,133,1,14
OHE-0255,TRACTION_DISTRIBUTION_OHE,GZB,DER,29.15,29.82,29/13,29/17,DN,11.15,27.3,GOOD,GOOD,675.7,NORMAL,39.9,5518,-3,CLEAN,1,STABLE,True,False,86,0,351
OHE-0256,TRACTION_DISTRIBUTION_OHE,ALJN,TDL,170.54,171.82,170/12,170/25,UP,8.88,84.2,CRITICAL,WORN,515.1,NORMAL,26.2,5523,46,CLEAN,31,SETTLEMENT,True,True,250,1,21
OHE-0257,TRACTION_DISTRIBUTION_OHE,PHD,CNB,376.77,377.79,376/12,376/21,DN,11.27,24.3,GOOD,GOOD,455.1,NORMAL,35.0,5491,39,CLEAN,3,STABLE,True,False,107,0,348
OHE-0258,TRACTION_DISTRIBUTION_OHE,FZD,ETW,232.1,233.23,232/9,232/30,UP,11.23,25.3,GOOD,WORN,468.5,NORMAL,29.3,5515,33,CLEAN,3,STABLE,True,False,66,0,354
OHE-0259,TRACTION_DISTRIBUTION_OHE,PHD,CNB,388.78,389.98,388/15,388/25,DN,9.3,73.7,CRITICAL,GOOD,508.6,NORMAL,33.3,5519,111,CLEAN,9,STABLE,True,True,277,0,208
OHE-0260,TRACTION_DISTRIBUTION_OHE,ALJN,TDL,170.15,171.35,170/9,170/28,UP,9.82,60.7,WORN,GOOD,369.8,NORMAL,20.2,5567,28,CLEAN,0,STABLE,True,False,167,0,282
OHE-0261,TRACTION_DISTRIBUTION_OHE,ETW,PHD,337.87,338.91,337/15,337/26,DN,8.72,88.2,CONDEMN_RENEW,WORN,449.7,NORMAL,15.9,5528,-8,CLEAN,5,STABLE,True,True,320,1,19
OHE-0262,TRACTION_DISTRIBUTION_OHE,PHD,CNB,434.16,435.28,434/4,434/30,UP,9.56,67.2,CRITICAL,GOOD,499.1,NORMAL,34.2,5571,-216,CLEAN,20,STABLE,True,True,278,1,20
OHE-0263,TRACTION_DISTRIBUTION_OHE,TDL,FZD,218.71,219.51,218/5,218/26,DN,12.24,0.0,GOOD,GOOD,506.7,NORMAL,28.4,5488,-37,CLEAN,2,STABLE,True,False,69,0,354
OHE-0264,TRACTION_DISTRIBUTION_OHE,FZD,ETW,292.8,294.04,292/9,292/26,UP,10.41,45.9,WORN,GOOD,552.5,NORMAL,16.0,5556,50,CLEAN,2,STABLE,True,False,139,0,286
OHE-0265,TRACTION_DISTRIBUTION_OHE,FZD,ETW,227.42,227.99,227/2,227/21,UP,10.08,54.1,WORN,GOOD,645.8,NORMAL,43.5,5586,169,CLEAN,3,STABLE,True,False,162,0,283
OHE-0266,TRACTION_DISTRIBUTION_OHE,PHD,CNB,378.61,379.43,378/6,378/26,UP,10.81,35.8,GOOD,GOOD,391.1,NORMAL,23.9,5585,59,CLEAN,3,SETTLEMENT,True,False,82,0,352
OHE-0267,TRACTION_DISTRIBUTION_OHE,PHD,CNB,364.61,365.78,364/3,364/28,DN,9.12,78.2,CRITICAL,CRITICAL,614.3,NORMAL,39.3,5612,79,CLEAN,18,STABLE,True,True,210,1,21
OHE-0268,TRACTION_DISTRIBUTION_OHE,TDL,FZD,217.46,218.2,217/11,217/28,UP,9.83,60.4,WORN,GOOD,468.2,NORMAL,35.8,5521,-63,POLLUTED,4,STABLE,True,False,346,0,217
OHE-0269,TRACTION_DISTRIBUTION_OHE,TDL,FZD,216.02,216.64,216/12,216/31,UP,9.42,70.7,CRITICAL,GOOD,557.2,NORMAL,40.7,5447,-94,POLLUTED,29,STABLE,True,True,318,1,15
OHE-0270,TRACTION_DISTRIBUTION_OHE,NDLS,GZB,15.3,16.56,15/9,15/20,UP,12.24,0.0,GOOD,GOOD,707.2,NORMAL,36.4,5603,-18,CLEAN,2,STABLE,True,False,19,0,362
OHE-0271,TRACTION_DISTRIBUTION_OHE,KRJ,ALJN,87.62,88.77,87/10,87/16,DN,9.54,67.7,CRITICAL,GOOD,458.2,NORMAL,19.0,5520,-42,CLEAN,16,SETTLEMENT,True,True,303,1,20
OHE-0272,TRACTION_DISTRIBUTION_OHE,TDL,FZD,224.54,225.67,224/12,224/27,UP,11.94,7.5,GOOD,GOOD,626.7,NORMAL,43.4,5574,79,POLLUTED,4,SETTLEMENT,True,False,67,0,316
OHE-0273,TRACTION_DISTRIBUTION_OHE,ETW,PHD,353.44,354.67,353/15,353/24,DN,8.4,96.2,CONDEMN_RENEW,WORN,751.6,NORMAL,43.5,5611,-61,CLEAN,21,STABLE,True,True,334,1,11
OHE-0274,TRACTION_DISTRIBUTION_OHE,PHD,CNB,381.8,382.46,381/13,381/25,UP,10.01,55.9,WORN,GOOD,523.2,NORMAL,30.5,5579,38,CLEAN,2,STABLE,True,False,209,0,276
OHE-0275,TRACTION_DISTRIBUTION_OHE,PHD,CNB,383.22,384.32,383/8,383/21,UP,10.08,54.1,WORN,GOOD,533.4,NORMAL,28.5,5534,-13,CLEAN,3,STABLE,True,False,180,0,280
OHE-0276,TRACTION_DISTRIBUTION_OHE,NDLS,GZB,0.2,0.99,0/12,0/20,UP,9.83,60.4,WORN,GOOD,438.5,NORMAL,22.8,5562,155,CLEAN,0,STABLE,True,False,241,0,271
OHE-0277,TRACTION_DISTRIBUTION_OHE,DER,KRJ,48.95,49.46,48/9,48/17,UP,10.23,50.4,WORN,GOOD,671.9,NORMAL,44.5,5690,-103,CLEAN,2,STABLE,True,False,142,0,286
OHE-0278,TRACTION_DISTRIBUTION_OHE,ALJN,TDL,161.54,162.13,161/7,161/32,DN,9.82,60.7,WORN,WORN,413.9,NORMAL,22.9,5641,15,CLEAN,4,STABLE,True,False,182,0,280
OHE-0279,TRACTION_DISTRIBUTION_OHE,ETW,PHD,352.12,353.57,352/8,352/19,DN,10.08,54.1,WORN,GOOD,429.1,NORMAL,15.1,5658,1,CLEAN,1,STABLE,True,False,352,0,254
OHE-0280,TRACTION_DISTRIBUTION_OHE,ETW,PHD,321.7,322.59,321/6,321/21,DN,9.82,60.7,WORN,GOOD,488.7,NORMAL,34.5,5552,-67,CLEAN,0,STABLE,True,False,361,0,253
OHE-0281,TRACTION_DISTRIBUTION_OHE,FZD,ETW,229.91,230.48,229/6,229/31,DN,9.1,78.7,CRITICAL,GOOD,617.4,NORMAL,26.2,5525,-40,CLEAN,16,STABLE,True,True,288,1,20
OHE-0282,TRACTION_DISTRIBUTION_OHE,DER,KRJ,67.16,68.19,67/7,67/18,UP,9.07,79.4,CRITICAL,WORN,395.8,NORMAL,19.0,5504,-141,CLEAN,23,STABLE,True,True,255,1,20
OHE-0283,TRACTION_DISTRIBUTION_OHE,FZD,ETW,260.83,262.14,260/6,260/24,DN,10.81,35.8,GOOD,GOOD,617.0,NORMAL,41.0,5536,-19,CLEAN,2,STABLE,True,False,126,0,345
OHE-0284,TRACTION_DISTRIBUTION_OHE,PHD,CNB,433.73,434.66,433/5,433/19,UP,9.12,78.2,CRITICAL,WORN,674.3,NORMAL,39.5,5566,-128,CLEAN,13,STABLE,True,True,315,0,203
OHE-0285,TRACTION_DISTRIBUTION_OHE,DER,KRJ,47.31,48.79,47/13,47/26,UP,8.0,100.0,CONDEMN_RENEW,WORN,674.4,NORMAL,39.7,5576,156,CLEAN,22,SETTLEMENT,True,True,241,1,13
OHE-0286,TRACTION_DISTRIBUTION_OHE,DER,KRJ,56.29,57.36,56/3,56/30,UP,8.36,97.2,CONDEMN_RENEW,CRITICAL,497.9,NORMAL,30.9,5550,69,CLEAN,21,STABLE,True,True,291,1,12
OHE-0287,TRACTION_DISTRIBUTION_OHE,ETW,PHD,347.89,348.49,347/10,347/32,UP,8.33,98.0,CONDEMN_RENEW,WORN,567.5,NORMAL,42.3,5600,-57,POLLUTED,29,STABLE,True,True,342,1,7
OHE-0288,TRACTION_DISTRIBUTION_OHE,DER,KRJ,38.62,39.59,38/14,38/24,UP,8.52,93.2,CONDEMN_RENEW,WORN,517.6,NORMAL,26.5,5544,-73,CLEAN,23,STABLE,True,True,335,1,11
OHE-0289,TRACTION_DISTRIBUTION_OHE,FZD,ETW,274.13,275.0,274/2,274/19,DN,10.27,49.4,WORN,GOOD,526.9,NORMAL,33.1,5516,-96,CLEAN,0,STABLE,True,False,146,0,285
OHE-0290,TRACTION_DISTRIBUTION_OHE,DER,KRJ,80.53,81.68,80/5,80/21,DN,10.74,37.6,GOOD,GOOD,423.6,NORMAL,19.2,5568,-30,CLEAN,0,SETTLEMENT,True,False,71,0,354
OHE-0291,TRACTION_DISTRIBUTION_OHE,FZD,ETW,262.79,263.77,262/13,262/24,DN,10.84,35.1,GOOD,GOOD,631.4,NORMAL,34.9,5521,-15,CLEAN,0,STABLE,True,False,351,0,311
OHE-0292,TRACTION_DISTRIBUTION_OHE,ETW,PHD,342.45,343.09,342/2,342/24,UP,9.85,59.9,WORN,WORN,669.5,NORMAL,38.1,5547,49,CLEAN,0,STABLE,True,False,190,0,279
OHE-0293,TRACTION_DISTRIBUTION_OHE,TDL,FZD,221.3,222.06,221/6,221/29,UP,9.65,64.9,WORN,GOOD,574.8,NORMAL,26.0,5525,-92,CLEAN,3,TILTING,True,False,162,0,188
OHE-0294,TRACTION_DISTRIBUTION_OHE,NDLS,GZB,1.82,2.49,1/9,1/16,UP,9.87,59.4,WORN,GOOD,505.0,NORMAL,29.9,5590,70,CLEAN,4,STABLE,True,False,161,0,283
OHE-0295,TRACTION_DISTRIBUTION_OHE,PHD,CNB,408.54,409.46,408/11,408/18,UP,8.0,100.0,CONDEMN_RENEW,WORN,486.2,NORMAL,20.2,5593,46,CLEAN,21,STABLE,True,True,310,1,12
OHE-0296,TRACTION_DISTRIBUTION_OHE,ALJN,TDL,175.57,177.02,175/8,175/27,UP,9.06,79.7,CRITICAL,GOOD,582.0,NORMAL,25.4,5507,-24,CLEAN,26,STABLE,True,True,254,1,20
OHE-0297,TRACTION_DISTRIBUTION_OHE,FZD,ETW,271.24,272.26,271/13,271/21,DN,9.98,56.6,WORN,WORN,484.4,NORMAL,28.9,5547,106,CLEAN,2,SETTLEMENT,True,False,289,0,264
OHE-0298,TRACTION_DISTRIBUTION_OHE,PHD,CNB,411.44,411.96,411/1,411/20,UP,8.53,93.0,CONDEMN_RENEW,GOOD,617.0,NORMAL,41.0,5634,12,CLEAN,9,STABLE,True,True,178,1,22
OHE-0299,TRACTION_DISTRIBUTION_OHE,DER,KRJ,40.33,41.21,40/7,40/25,UP,10.32,48.1,WORN,GOOD,428.2,NORMAL,18.2,5554,67,CLEAN,2,STABLE,True,False,205,0,276
OHE-0300,TRACTION_DISTRIBUTION_OHE,ETW,PHD,325.42,326.24,325/9,325/27,UP,9.52,68.2,CRITICAL,GOOD,452.5,NORMAL,31.8,5480,-29,CLEAN,34,STABLE,True,True,79,1,23
OHE-0301,TRACTION_DISTRIBUTION_OHE,KRJ,ALJN,94.31,95.66,94/14,94/27,UP,12.24,0.0,GOOD,GOOD,534.7,NORMAL,27.9,5526,33,POLLUTED,0,STABLE,True,False,35,0,321
OHE-0302,TRACTION_DISTRIBUTION_OHE,GZB,DER,25.85,26.74,25/8,25/29,DN,9.94,57.6,WORN,GOOD,642.7,NORMAL,42.0,5544,-18,CLEAN,2,STABLE,True,False,329,0,257
OHE-0303,TRACTION_DISTRIBUTION_OHE,PHD,CNB,430.1,431.6,430/4,430/25,DN,9.8,61.2,WORN,GOOD,540.3,NORMAL,27.4,5476,-24,CLEAN,3,SETTLEMENT,True,False,185,0,279
OHE-0304,TRACTION_DISTRIBUTION_OHE,ETW,PHD,304.78,306.05,304/3,304/16,DN,10.08,54.1,WORN,GOOD,400.8,NORMAL,16.0,5508,-163,CLEAN,0,STABLE,True,False,183,0,280
OHE-0305,TRACTION_DISTRIBUTION_OHE,NDLS,GZB,15.47,16.3,15/8,15/17,DN,11.0,31.1,GOOD,WORN,522.6,NORMAL,25.4,5470,-56,CLEAN,0,STABLE,True,False,60,0,355
OHE-0306,TRACTION_DISTRIBUTION_OHE,DER,KRJ,63.17,64.17,63/1,63/19,DN,8.18,100.0,CONDEMN_RENEW,CRITICAL,735.8,NORMAL,40.1,5665,-84,CLEAN,12,STABLE,True,True,299,1,20
OHE-0307,TRACTION_DISTRIBUTION_OHE,KRJ,ALJN,84.19,85.01,84/2,84/22,UP,11.52,18.0,GOOD,GOOD,484.6,NORMAL,32.0,5511,16,CLEAN,2,STABLE,True,False,81,0,352
OHE-0308,TRACTION_DISTRIBUTION_OHE,FZD,ETW,229.09,230.17,229/13,229/18,DN,11.18,26.6,GOOD,GOOD,434.1,NORMAL,25.7,5595,30,CLEAN,1,STABLE,True,False,90,0,351
OHE-0309,TRACTION_DISTRIBUTION_OHE,DER,KRJ,42.16,43.01,42/4,42/25,UP,8.65,90.0,CONDEMN_RENEW,GOOD,426.3,NORMAL,30.3,5491,32,CLEAN,8,STABLE,True,True,260,1,20
OHE-0310,TRACTION_DISTRIBUTION_OHE,FZD,ETW,267.68,268.22,267/1,267/18,DN,8.0,100.0,CONDEMN_RENEW,CRITICAL,687.5,NORMAL,32.9,5475,-102,CLEAN,33,STABLE,True,True,276,1,12
OHE-0311,TRACTION_DISTRIBUTION_OHE,FZD,ETW,288.46,289.16,288/14,288/32,UP,12.24,0.0,GOOD,GOOD,566.5,NORMAL,33.5,5596,-48,FLASHOVER_RISK,18,STABLE,True,False,74,0,182
OHE-0312,TRACTION_DISTRIBUTION_OHE,KRJ,ALJN,95.84,96.81,95/2,95/24,UP,11.03,30.3,GOOD,WORN,568.6,NORMAL,29.6,5595,-109,CLEAN,3,STABLE,True,False,171,0,339
OHE-0313,TRACTION_DISTRIBUTION_OHE,TDL,FZD,215.0,215.67,215/14,215/25,UP,10.69,38.8,GOOD,GOOD,448.4,NORMAL,32.5,5510,84,POLLUTED,2,SETTLEMENT,True,False,62,0,317
OHE-0314,TRACTION_DISTRIBUTION_OHE,PHD,CNB,407.64,408.93,407/13,407/22,DN,9.47,69.4,CRITICAL,GOOD,553.1,NORMAL,27.0,5547,-39,CLEAN,30,TILTING,True,True,274,1,10
OHE-0315,TRACTION_DISTRIBUTION_OHE,NDLS,GZB,20.96,22.42,20/13,20/22,DN,9.8,61.2,WORN,GOOD,539.4,NORMAL,39.9,5648,162,CLEAN,2,STABLE,True,False,165,0,282
OHE-0316,TRACTION_DISTRIBUTION_OHE,PHD,CNB,412.8,413.65,412/5,412/22,UP,9.29,73.9,CRITICAL,GOOD,475.6,NORMAL,20.8,5651,-39,CLEAN,6,STABLE,True,True,206,0,219
OHE-0317,TRACTION_DISTRIBUTION_OHE,FZD,ETW,231.6,232.57,231/4,231/31,DN,9.11,78.4,CRITICAL,WORN,335.2,NORMAL,19.0,5581,-33,CLEAN,20,STABLE,True,True,210,1,21
OHE-0318,TRACTION_DISTRIBUTION_OHE,DER,KRJ,57.06,57.98,57/10,57/20,DN,8.35,97.5,CONDEMN_RENEW,WORN,470.5,NORMAL,26.4,5564,24,CLEAN,18,STABLE,True,True,285,1,12
OHE-0319,TRACTION_DISTRIBUTION_OHE,GZB,DER,27.69,28.24,27/14,27/24,DN,8.89,84.0,CRITICAL,CRITICAL,500.4,NORMAL,38.5,5599,87,POLLUTED,20,STABLE,True,True,268,1,16
OHE-0320,TRACTION_DISTRIBUTION_OHE,ETW,PHD,302.66,303.51,302/9,302/20,DN,8.03,100.0,CONDEMN_RENEW,WORN,565.9,NORMAL,39.7,5553,107,CLEAN,26,STABLE,True,True,324,1,11
OHE-0321,TRACTION_DISTRIBUTION_OHE,KRJ,ALJN,91.28,92.39,91/4,91/29,UP,8.77,87.0,CONDEMN_RENEW,GOOD,442.9,NORMAL,17.8,5627,84,CLEAN,23,TILTING,True,True,180,1,4
OHE-0322,TRACTION_DISTRIBUTION_OHE,PHD,CNB,436.11,437.23,436/9,436/27,DN,9.16,77.2,CRITICAL,GOOD,419.3,NORMAL,26.2,5696,-18,CLEAN,27,STABLE,True,True,205,1,21
OHE-0323,TRACTION_DISTRIBUTION_OHE,ALJN,TDL,135.57,136.09,135/5,135/32,UP,9.7,63.7,WORN,GOOD,686.8,NORMAL,37.6,5531,3,CLEAN,1,SETTLEMENT,True,False,197,0,278
OHE-0324,TRACTION_DISTRIBUTION_OHE,ETW,PHD,337.54,338.53,337/5,337/29,DN,9.44,70.2,CRITICAL,GOOD,688.7,NORMAL,32.1,5574,-17,CLEAN,12,STABLE,True,True,187,0,222
OHE-0325,TRACTION_DISTRIBUTION_OHE,FZD,ETW,258.01,259.38,258/10,258/19,DN,12.08,4.0,GOOD,GOOD,341.5,NORMAL,16.3,5625,-38,CLEAN,3,STABLE,True,False,25,0,361
OHE-0326,TRACTION_DISTRIBUTION_OHE,DER,KRJ,39.96,41.19,39/5,39/23,UP,10.64,40.1,WORN,GOOD,463.0,NORMAL,16.4,5553,-35,CLEAN,3,STABLE,True,False,67,0,297
OHE-0327,TRACTION_DISTRIBUTION_OHE,KRJ,ALJN,84.59,85.43,84/8,84/28,UP,9.59,66.4,CRITICAL,GOOD,512.7,NORMAL,27.6,5495,-211,CLEAN,18,STABLE,True,True,193,1,21
OHE-0328,TRACTION_DISTRIBUTION_OHE,FZD,ETW,227.32,227.85,227/6,227/23,UP,9.46,69.7,CRITICAL,GOOD,528.6,NORMAL,29.8,5488,-187,CLEAN,9,STABLE,True,True,251,0,212
OHE-0329,TRACTION_DISTRIBUTION_OHE,ETW,PHD,327.38,328.59,327/10,327/24,DN,8.45,95.0,CONDEMN_RENEW,WORN,377.9,NORMAL,21.6,5640,61,CLEAN,27,STABLE,True,True,326,1,11
OHE-0330,TRACTION_DISTRIBUTION_OHE,GZB,DER,34.98,36.0,34/3,34/17,DN,10.72,38.1,GOOD,GOOD,656.4,NORMAL,41.2,5644,100,CLEAN,2,STABLE,True,False,207,0,333
OHE-0331,TRACTION_DISTRIBUTION_OHE,PHD,CNB,395.83,397.0,395/3,395/24,UP,10.79,36.3,GOOD,GOOD,329.6,NORMAL,17.6,5571,114,POLLUTED,0,STABLE,True,False,85,0,314
OHE-0332,TRACTION_DISTRIBUTION_OHE,PHD,CNB,406.86,408.03,406/5,406/25,DN,10.94,32.6,GOOD,GOOD,456.6,NORMAL,23.6,5432,19,CLEAN,4,STABLE,True,False,119,0,346
OHE-0333,TRACTION_DISTRIBUTION_OHE,NDLS,GZB,6.75,7.66,6/5,6/18,DN,8.49,94.0,CONDEMN_RENEW,GOOD,484.3,NORMAL,26.2,5569,25,CLEAN,23,STABLE,True,True,244,1,13
OHE-0334,TRACTION_DISTRIBUTION_OHE,PHD,CNB,361.46,362.7,361/2,361/17,DN,11.38,21.6,GOOD,GOOD,532.1,NORMAL,31.9,5485,-45,CLEAN,1,STABLE,True,False,17,0,362
OHE-0335,TRACTION_DISTRIBUTION_OHE,ALJN,TDL,200.0,200.62,200/11,200/24,UP,9.3,73.7,CRITICAL,GOOD,580.6,NORMAL,43.5,5585,76,CLEAN,16,STABLE,True,True,244,1,21
OHE-0336,TRACTION_DISTRIBUTION_OHE,PHD,CNB,364.82,366.1,364/11,364/25,UP,12.24,0.0,GOOD,WORN,270.0,NORMAL,15.4,5475,-5,CLEAN,3,STABLE,True,False,11,0,363
OHE-0337,TRACTION_DISTRIBUTION_OHE,DER,KRJ,51.97,53.4,51/15,51/21,DN,8.96,82.2,CRITICAL,WORN,519.7,NORMAL,38.1,5502,-54,CLEAN,33,STABLE,True,True,238,1,21
OHE-0338,TRACTION_DISTRIBUTION_OHE,DER,KRJ,42.31,43.27,42/13,42/24,UP,9.13,77.9,CRITICAL,WORN,398.8,NORMAL,27.0,5546,-11,CLEAN,32,STABLE,True,True,335,1,19
OHE-0339,TRACTION_DISTRIBUTION_OHE,PHD,CNB,396.26,397.45,396/8,396/20,UP,9.33,72.9,CRITICAL,WORN,608.2,NORMAL,31.4,5582,0,CLEAN,9,STABLE,True,True,200,0,220
OHE-0340,TRACTION_DISTRIBUTION_OHE,TDL,FZD,221.87,223.01,221/1,221/25,DN,8.61,91.0,CONDEMN_RENEW,CRITICAL,499.3,NORMAL,20.8,5462,-48,CLEAN,34,STABLE,True,True,244,1,13
OHE-0341,TRACTION_DISTRIBUTION_OHE,TDL,FZD,210.66,211.56,210/15,210/22,DN,8.73,88.0,CONDEMN_RENEW,CRITICAL,456.1,NORMAL,34.5,5488,-5,CLEAN,17,STABLE,True,True,218,1,13
OHE-0342,TRACTION_DISTRIBUTION_OHE,ALJN,TDL,202.31,203.2,202/15,202/32,DN,10.81,35.8,GOOD,GOOD,506.6,NORMAL,27.3,5501,105,POLLUTED,4,STABLE,True,False,171,0,301
OHE-0343,TRACTION_DISTRIBUTION_OHE,TDL,FZD,217.67,218.96,217/14,217/29,UP,8.0,100.0,CONDEMN_RENEW,GOOD,556.1,NORMAL,33.0,5655,-94,POLLUTED,29,STABLE,True,True,341,1,7
OHE-0344,TRACTION_DISTRIBUTION_OHE,PHD,CNB,388.23,388.85,388/5,388/18,UP,9.35,72.4,CRITICAL,GOOD,435.5,NORMAL,24.0,5644,38,CLEAN,18,STABLE,True,True,153,1,22
OHE-0345,TRACTION_DISTRIBUTION_OHE,DER,KRJ,73.56,74.94,73/1,73/17,UP,11.19,26.3,GOOD,GOOD,538.1,NORMAL,41.1,5534,-30,CLEAN,3,STABLE,True,False,146,0,342
OHE-0346,TRACTION_DISTRIBUTION_OHE,PHD,CNB,434.1,434.79,434/6,434/24,DN,9.53,67.9,CRITICAL,GOOD,448.5,NORMAL,17.1,5609,-67,CLEAN,35,STABLE,True,True,217,1,21
OHE-0347,TRACTION_DISTRIBUTION_OHE,GZB,DER,30.98,31.6,30/11,30/27,DN,11.12,28.1,GOOD,WORN,639.8,NORMAL,33.8,5457,53,CLEAN,1,STABLE,True,False,105,0,349
OHE-0348,TRACTION_DISTRIBUTION_OHE,FZD,ETW,227.05,228.55,227/13,227/27,UP,8.0,100.0,CONDEMN_RENEW,GOOD,561.6,NORMAL,41.9,5584,-154,CLEAN,31,STABLE,True,True,335,1,11
OHE-0349,TRACTION_DISTRIBUTION_OHE,GZB,DER,27.52,28.39,27/3,27/22,DN,11.04,30.1,GOOD,GOOD,556.0,NORMAL,25.5,5576,97,CLEAN,0,STABLE,True,False,89,0,351
OHE-0350,TRACTION_DISTRIBUTION_OHE,TDL,FZD,216.86,217.5,216/1,216/26,DN,9.39,71.4,CRITICAL,GOOD,535.3,NORMAL,31.1,5583,64,CLEAN,26,STABLE,True,True,331,1,19
OHE-0351,TRACTION_DISTRIBUTION_OHE,NDLS,GZB,14.8,15.35,14/3,14/23,UP,8.0,100.0,CONDEMN_RENEW,WORN,561.2,NORMAL,23.0,5561,-5,FLASHOVER_RISK,11,STABLE,True,True,286,1,10
OHE-0352,TRACTION_DISTRIBUTION_OHE,DER,KRJ,81.19,82.22,81/9,81/17,UP,8.0,100.0,CONDEMN_RENEW,GOOD,359.5,NORMAL,17.5,5490,18,CLEAN,6,STABLE,True,True,318,1,19
OHE-0353,TRACTION_DISTRIBUTION_OHE,GZB,DER,34.29,35.38,34/3,34/25,UP,11.87,9.3,GOOD,GOOD,387.6,NORMAL,16.5,5645,140,CLEAN,1,SETTLEMENT,True,False,86,0,351
OHE-0354,TRACTION_DISTRIBUTION_OHE,NDLS,GZB,17.3,18.68,17/2,17/28,UP,12.06,4.5,GOOD,GOOD,457.3,NORMAL,29.1,5594,25,CLEAN,0,STABLE,True,False,55,0,356
OHE-0355,TRACTION_DISTRIBUTION_OHE,GZB,DER,28.82,30.3,28/7,28/16,UP,9.46,69.7,CRITICAL,GOOD,600.9,NORMAL,35.2,5611,-115,POLLUTED,33,STABLE,True,True,345,1,15
OHE-0356,TRACTION_DISTRIBUTION_OHE,PHD,CNB,363.7,364.43,363/7,363/30,UP,8.56,92.2,CONDEMN_RENEW,CRITICAL,455.4,NORMAL,27.1,5601,-10,CLEAN,17,STABLE,True,True,236,1,13
OHE-0357,TRACTION_DISTRIBUTION_OHE,FZD,ETW,237.57,238.56,237/14,237/24,UP,10.77,36.8,GOOD,GOOD,636.9,NORMAL,40.0,5589,68,POLLUTED,1,STABLE,True,False,112,0,309
OHE-0358,TRACTION_DISTRIBUTION_OHE,PHD,CNB,370.01,371.08,370/13,370/22,DN,10.42,45.6,WORN,WORN,467.7,NORMAL,26.4,5594,-15,CLEAN,2,SETTLEMENT,True,False,155,0,284
OHE-0359,TRACTION_DISTRIBUTION_OHE,KRJ,ALJN,129.41,130.1,129/8,129/18,DN,8.54,92.7,CONDEMN_RENEW,GOOD,538.2,NORMAL,24.6,5603,-78,CLEAN,30,STABLE,True,True,340,1,11
OHE-0360,TRACTION_DISTRIBUTION_OHE,NDLS,GZB,8.49,9.7,8/6,8/23,UP,9.83,60.4,WORN,GOOD,410.0,NORMAL,16.8,5611,-30,CLEAN,2,STABLE,True,False,206,0,276
OHE-0361,TRACTION_DISTRIBUTION_OHE,PHD,CNB,390.05,391.02,390/10,390/18,DN,8.72,88.2,CONDEMN_RENEW,GOOD,686.6,NORMAL,44.9,5526,122,CLEAN,7,STABLE,True,True,126,1,22
OHE-0362,TRACTION_DISTRIBUTION_OHE,TDL,FZD,213.04,214.38,213/1,213/16,UP,11.46,19.5,GOOD,WORN,658.6,NORMAL,41.6,5534,14,CLEAN,2,SETTLEMENT,True,False,86,0,351
OHE-0363,TRACTION_DISTRIBUTION_OHE,PHD,CNB,427.02,428.33,427/8,427/19,DN,8.93,83.0,CRITICAL,WORN,402.5,NORMAL,27.9,5596,-70,CLEAN,26,STABLE,True,True,297,1,20
OHE-0364,TRACTION_DISTRIBUTION_OHE,FZD,ETW,242.68,243.19,242/1,242/18,DN,9.6,66.2,CRITICAL,GOOD,588.0,NORMAL,37.4,5579,22,CLEAN,11,STABLE,True,True,229,0,216
OHE-0365,TRACTION_DISTRIBUTION_OHE,KRJ,ALJN,88.99,89.79,88/6,88/24,UP,9.17,76.9,CRITICAL,CRITICAL,586.2,NORMAL,30.9,5532,123,FLASHOVER_RISK,26,STABLE,True,True,332,1,9
OHE-0366,TRACTION_DISTRIBUTION_OHE,DER,KRJ,47.51,48.82,47/15,47/23,UP,10.66,39.6,GOOD,WORN,482.5,NORMAL,37.0,5494,83,CLEAN,4,STABLE,True,False,95,0,350
OHE-0367,TRACTION_DISTRIBUTION_OHE,NDLS,GZB,11.21,11.77,11/15,11/20,UP,8.43,95.5,CONDEMN_RENEW,WORN,426.0,NORMAL,15.3,5468,-42,CLEAN,30,STABLE,True,True,351,1,11
OHE-0368,TRACTION_DISTRIBUTION_OHE,DER,KRJ,48.44,49.82,48/14,48/29,UP,9.18,76.7,CRITICAL,WORN,567.9,NORMAL,34.7,5536,75,CLEAN,21,STABLE,True,True,212,1,21
OHE-0369,TRACTION_DISTRIBUTION_OHE,DER,KRJ,37.26,38.44,37/13,37/19,UP,9.01,81.0,CRITICAL,WORN,614.0,NORMAL,40.2,5670,-127,POLLUTED,29,SETTLEMENT,True,True,328,1,15
OHE-0370,TRACTION_DISTRIBUTION_OHE,KRJ,ALJN,125.44,126.89,125/5,125/23,DN,9.29,73.9,CRITICAL,WORN,540.0,NORMAL,30.0,5549,-32,FLASHOVER_RISK,30,STABLE,True,True,76,1,13
OHE-0371,TRACTION_DISTRIBUTION_OHE,KRJ,ALJN,90.74,91.93,90/3,90/27,UP,11.35,22.3,GOOD,GOOD,414.7,NORMAL,25.9,5510,25,CLEAN,0,SETTLEMENT,True,False,137,0,344
OHE-0372,TRACTION_DISTRIBUTION_OHE,DER,KRJ,37.23,38.48,37/1,37/21,UP,8.63,90.5,CONDEMN_RENEW,GOOD,550.8,NORMAL,25.2,5599,-45,CLEAN,23,STABLE,True,True,285,1,12
OHE-0373,TRACTION_DISTRIBUTION_OHE,KRJ,ALJN,128.63,129.75,128/11,128/31,UP,9.97,56.9,WORN,GOOD,578.9,NORMAL,34.0,5610,-53,CLEAN,0,STABLE,True,False,73,0,296
OHE-0374,TRACTION_DISTRIBUTION_OHE,ALJN,TDL,146.3,147.03,146/5,146/27,UP,8.73,88.0,CONDEMN_RENEW,CRITICAL,544.2,NORMAL,36.7,5689,-19,CLEAN,28,STABLE,True,True,332,1,11
OHE-0375,TRACTION_DISTRIBUTION_OHE,KRJ,ALJN,92.2,93.28,92/11,92/20,DN,11.96,7.0,GOOD,WORN,529.3,NORMAL,25.0,5544,89,CLEAN,1,STABLE,True,False,56,0,356
OHE-0376,TRACTION_DISTRIBUTION_OHE,PHD,CNB,416.15,417.0,416/7,416/28,DN,8.79,86.5,CONDEMN_RENEW,WORN,582.9,NORMAL,43.7,5527,104,CLEAN,13,STABLE,True,True,291,1,20
OHE-0377,TRACTION_DISTRIBUTION_OHE,PHD,CNB,365.64,366.25,365/12,365/18,UP,9.54,67.7,CRITICAL,GOOD,492.0,NORMAL,26.0,5610,-124,CLEAN,21,STABLE,True,True,247,1,21
OHE-0378,TRACTION_DISTRIBUTION_OHE,FZD,ETW,249.87,251.21,249/2,249/22,UP,10.46,44.6,WORN,GOOD,556.2,NORMAL,21.8,5605,-66,FLASHOVER_RISK,19,STABLE,True,False,48,1,20
OHE-0379,TRACTION_DISTRIBUTION_OHE,ALJN,TDL,202.54,204.01,202/13,202/25,DN,9.18,76.7,CRITICAL,WORN,459.7,NORMAL,34.2,5603,-42,POLLUTED,10,STABLE,True,True,162,0,188
OHE-0380,TRACTION_DISTRIBUTION_OHE,DER,KRJ,70.75,71.59,70/15,70/20,DN,8.87,84.5,CRITICAL,WORN,591.2,NORMAL,28.3,5542,-125,CLEAN,21,STABLE,True,True,246,1,21
OHE-0381,TRACTION_DISTRIBUTION_OHE,FZD,ETW,237.85,238.36,237/5,237/32,DN,10.56,42.1,WORN,GOOD,558.4,NORMAL,34.4,5454,32,POLLUTED,3,STABLE,True,False,149,0,247
OHE-0382,TRACTION_DISTRIBUTION_OHE,PHD,CNB,438.35,439.31,438/4,438/25,DN,9.31,73.4,CRITICAL,GOOD,648.6,NORMAL,32.8,5450,-16,CLEAN,16,STABLE,True,True,244,1,21
OHE-0383,TRACTION_DISTRIBUTION_OHE,ALJN,TDL,137.49,138.89,137/6,137/22,DN,12.24,0.0,GOOD,GOOD,738.1,NORMAL,42.5,5523,-15,POLLUTED,0,STABLE,True,False,30,0,322
OHE-0384,TRACTION_DISTRIBUTION_OHE,ALJN,TDL,173.46,174.1,173/6,173/16,DN,11.37,21.8,GOOD,WORN,371.5,NORMAL,17.1,5594,55,CLEAN,0,STABLE,True,False,184,0,337
OHE-0385,TRACTION_DISTRIBUTION_OHE,ETW,PHD,342.39,342.99,342/2,342/29,UP,9.97,56.9,WORN,WORN,425.4,NORMAL,15.7,5590,-23,POLLUTED,3,STABLE,True,False,255,0,231
OHE-0386,TRACTION_DISTRIBUTION_OHE,ALJN,TDL,141.67,142.4,141/3,141/19,DN,11.7,13.5,GOOD,GOOD,474.0,NORMAL,32.1,5415,61,CLEAN,4,STABLE,True,False,36,0,359
OHE-0387,TRACTION_DISTRIBUTION_OHE,TDL,FZD,212.49,213.26,212/7,212/23,UP,8.0,100.0,CONDEMN_RENEW,GOOD,536.2,NORMAL,42.2,5501,28,CLEAN,23,STABLE,True,True,358,1,11
OHE-0388,TRACTION_DISTRIBUTION_OHE,ALJN,TDL,142.59,143.72,142/6,142/19,DN,10.19,51.4,WORN,GOOD,542.1,NORMAL,43.9,5578,-11,CLEAN,4,STABLE,True,False,76,0,296
OHE-0389,TRACTION_DISTRIBUTION_OHE,PHD,CNB,437.27,438.71,437/12,437/32,DN,8.0,100.0,CONDEMN_RENEW,WORN,582.1,NORMAL,38.7,5536,74,POLLUTED,19,STABLE,True,True,227,1,9
OHE-0390,TRACTION_DISTRIBUTION_OHE,DER,KRJ,52.84,53.67,52/15,52/31,DN,10.29,48.9,WORN,GOOD,589.8,NORMAL,39.5,5545,-21,CLEAN,2,STABLE,True,False,174,0,281
OHE-0391,TRACTION_DISTRIBUTION_OHE,PHD,CNB,420.75,422.06,420/14,420/16,DN,8.0,100.0,CONDEMN_RENEW,CRITICAL,571.8,NORMAL,36.8,5552,123,CLEAN,14,STABLE,True,True,322,1,19
OHE-0392,TRACTION_DISTRIBUTION_OHE,KRJ,ALJN,98.17,99.6,98/5,98/23,UP,9.97,56.9,WORN,GOOD,484.0,NORMAL,22.2,5604,-34,CLEAN,2,STABLE,True,False,173,0,281
OHE-0393,TRACTION_DISTRIBUTION_OHE,FZD,ETW,249.53,250.83,249/9,249/18,UP,10.26,49.6,WORN,GOOD,689.6,NORMAL,37.9,5526,66,POLLUTED,0,STABLE,True,False,56,0,261
OHE-0394,TRACTION_DISTRIBUTION_OHE,ALJN,TDL,163.41,164.4,163/8,163/18,UP,8.82,85.7,CONDEMN_RENEW,CRITICAL,554.9,NORMAL,24.6,5554,36,CLEAN,10,STABLE,True,True,290,1,20
OHE-0395,TRACTION_DISTRIBUTION_OHE,TDL,FZD,213.15,213.72,213/5,213/19,DN,10.45,44.9,WORN,GOOD,375.5,NORMAL,18.6,5578,28,CLEAN,2,STABLE,True,False,235,0,272
OHE-0396,TRACTION_DISTRIBUTION_OHE,GZB,DER,31.87,33.21,31/8,31/21,UP,8.46,94.7,CONDEMN_RENEW,GOOD,465.3,NORMAL,19.6,5564,-135,CLEAN,34,SETTLEMENT,True,True,200,1,13
OHE-0397,TRACTION_DISTRIBUTION_OHE,FZD,ETW,247.37,248.72,247/6,247/17,DN,9.59,66.4,CRITICAL,GOOD,496.2,NORMAL,24.9,5586,-121,CLEAN,22,STABLE,True,True,218,1,21
OHE-0398,TRACTION_DISTRIBUTION_OHE,ETW,PHD,352.72,354.01,352/3,352/30,UP,11.93,7.8,GOOD,WORN,541.1,NORMAL,29.5,5516,38,CLEAN,1,STABLE,True,False,50,0,357
OHE-0399,TRACTION_DISTRIBUTION_OHE,TDL,FZD,215.44,216.46,215/1,215/32,DN,9.65,64.9,WORN,GOOD,623.5,NORMAL,25.1,5560,114,CLEAN,3,STABLE,True,False,77,0,296
OHE-0400,TRACTION_DISTRIBUTION_OHE,TDL,FZD,216.15,217.24,216/15,216/30,DN,8.57,92.0,CONDEMN_RENEW,CRITICAL,558.2,NORMAL,28.3,5594,-29,CLEAN,9,STABLE,True,True,209,1,21
OHE-0401,TRACTION_DISTRIBUTION_OHE,KRJ,ALJN,109.68,110.37,109/8,109/19,UP,9.61,65.9,CRITICAL,GOOD,505.9,NORMAL,33.6,5509,-1,CLEAN,20,STABLE,True,True,151,1,22
OHE-0402,TRACTION_DISTRIBUTION_OHE,KRJ,ALJN,116.61,117.99,116/8,116/31,DN,10.04,55.1,WORN,GOOD,471.6,NORMAL,27.8,5457,-24,CLEAN,4,STABLE,True,False,213,0,275
OHE-0403,TRACTION_DISTRIBUTION_OHE,NDLS,GZB,15.94,17.27,15/1,15/18,UP,8.59,91.5,CONDEMN_RENEW,CRITICAL,760.1,NORMAL,42.2,5585,24,FLASHOVER_RISK,14,STABLE,True,True,269,1,10
OHE-0404,TRACTION_DISTRIBUTION_OHE,ALJN,TDL,162.48,163.1,162/9,162/22,UP,12.06,4.5,GOOD,GOOD,558.3,NORMAL,19.3,5537,110,CLEAN,3,SETTLEMENT,True,False,96,0,350
OHE-0405,TRACTION_DISTRIBUTION_OHE,TDL,FZD,209.26,209.97,209/15,209/24,DN,10.93,32.8,GOOD,GOOD,503.5,NORMAL,27.5,5560,19,FLASHOVER_RISK,33,STABLE,True,False,131,1,24
OHE-0406,TRACTION_DISTRIBUTION_OHE,FZD,ETW,287.71,288.42,287/2,287/29,UP,8.0,100.0,CONDEMN_RENEW,GOOD,505.5,NORMAL,16.1,5540,-78,CLEAN,35,STABLE,True,True,349,1,11
OHE-0407,TRACTION_DISTRIBUTION_OHE,ALJN,TDL,197.3,198.64,197/2,197/20,UP,8.44,95.2,CONDEMN_RENEW,CRITICAL,606.4,NORMAL,35.0,5515,-51,FLASHOVER_RISK,26,TILTING,True,True,271,1,1
OHE-0408,TRACTION_DISTRIBUTION_OHE,TDL,FZD,224.67,226.15,224/5,224/25,DN,10.78,36.6,GOOD,GOOD,468.4,NORMAL,36.4,5546,20,FLASHOVER_RISK,20,STABLE,True,False,89,0,180
OHE-0409,TRACTION_DISTRIBUTION_OHE,ALJN,TDL,146.72,147.81,146/6,146/28,DN,9.19,76.4,CRITICAL,WORN,499.5,NORMAL,25.2,5617,-32,CLEAN,21,STABLE,True,True,329,1,19
OHE-0410,TRACTION_DISTRIBUTION_OHE,TDL,FZD,222.68,223.43,222/7,222/30,UP,10.71,38.3,GOOD,GOOD,454.1,NORMAL,25.3,5561,-101,CLEAN,0,STABLE,True,False,129,0,345
OHE-0411,TRACTION_DISTRIBUTION_OHE,FZD,ETW,245.71,246.53,245/15,245/21,UP,9.5,68.7,CRITICAL,GOOD,650.2,NORMAL,40.1,5568,53,CLEAN,17,STABLE,True,True,187,1,22
OHE-0412,TRACTION_DISTRIBUTION_OHE,GZB,DER,33.88,34.62,33/1,33/31,UP,8.33,98.0,CONDEMN_RENEW,WORN,366.5,NORMAL,23.8,5479,-27,CLEAN,29,STABLE,True,True,339,1,11
OHE-0413,TRACTION_DISTRIBUTION_OHE,ETW,PHD,303.03,303.76,303/15,303/24,DN,10.8,36.1,GOOD,GOOD,408.7,NORMAL,18.7,5527,63,CLEAN,1,STABLE,True,False,134,0,344
OHE-0414,TRACTION_DISTRIBUTION_OHE,GZB,DER,32.63,33.28,32/12,32/20,UP,10.46,44.6,WORN,GOOD,434.0,NORMAL,23.0,5634,-31,CLEAN,3,STABLE,True,False,173,0,281
OHE-0415,TRACTION_DISTRIBUTION_OHE,NDLS,GZB,3.49,4.74,3/12,3/19,DN,9.26,74.7,CRITICAL,GOOD,483.8,NORMAL,36.1,5582,-56,CLEAN,22,STABLE,True,True,239,1,21
OHE-0416,TRACTION_DISTRIBUTION_OHE,TDL,FZD,221.29,222.43,221/4,221/30,UP,10.02,55.6,WORN,GOOD,600.1,NORMAL,42.4,5568,34,CLEAN,0,STABLE,True,False,254,0,269
OHE-0417,TRACTION_DISTRIBUTION_OHE,DER,KRJ,58.17,58.75,58/9,58/27,UP,8.46,94.7,CONDEMN_RENEW,WORN,585.6,NORMAL,29.4,5590,88,FLASHOVER_RISK,15,STABLE,True,True,342,1,9
OHE-0418,TRACTION_DISTRIBUTION_OHE,TDL,FZD,215.61,216.39,215/4,215/32,DN,8.52,93.2,CONDEMN_RENEW,CRITICAL,560.7,NORMAL,25.7,5588,-92,CLEAN,26,STABLE,True,True,284,1,12
OHE-0419,TRACTION_DISTRIBUTION_OHE,FZD,ETW,248.31,249.4,248/12,248/23,DN,8.27,99.5,CONDEMN_RENEW,WORN,633.8,NORMAL,41.0,5538,-31,CLEAN,7,STABLE,True,True,311,1,20
OHE-0420,TRACTION_DISTRIBUTION_OHE,ALJN,TDL,188.83,189.86,188/4,188/21,UP,9.77,61.9,WORN,GOOD,590.3,NORMAL,29.4,5593,-34,FLASHOVER_RISK,12,STABLE,True,False,233,0,177
OHE-0421,TRACTION_DISTRIBUTION_OHE,ETW,PHD,331.89,333.3,331/10,331/29,DN,8.38,96.7,CONDEMN_RENEW,GOOD,365.0,NORMAL,16.4,5624,20,CLEAN,9,STABLE,True,True,353,1,19
OHE-0422,TRACTION_DISTRIBUTION_OHE,FZD,ETW,234.76,235.91,234/2,234/31,DN,11.03,30.3,GOOD,GOOD,461.8,NORMAL,28.8,5568,11,CLEAN,2,STABLE,True,False,42,0,358
OHE-0423,TRACTION_DISTRIBUTION_OHE,GZB,DER,35.14,36.38,35/8,35/27,UP,9.35,72.4,CRITICAL,GOOD,630.2,NORMAL,38.3,5636,-132,CLEAN,28,STABLE,True,True,261,1,20
OHE-0424,TRACTION_DISTRIBUTION_OHE,ETW,PHD,352.94,354.27,352/9,352/21,DN,8.64,90.2,CONDEMN_RENEW,WORN,536.4,NORMAL,26.7,5673,-7,CLEAN,34,STABLE,True,True,251,1,12
OHE-0425,TRACTION_DISTRIBUTION_OHE,ALJN,TDL,187.11,187.94,187/6,187/16,UP,8.33,98.0,CONDEMN_RENEW,WORN,631.1,NORMAL,32.1,5614,-88,CLEAN,28,STABLE,True,True,262,1,12
OHE-0426,TRACTION_DISTRIBUTION_OHE,PHD,CNB,438.66,439.24,438/1,438/31,UP,10.39,46.4,WORN,GOOD,712.0,NORMAL,38.6,5638,-44,CLEAN,0,STABLE,True,False,220,0,274
OHE-0427,TRACTION_DISTRIBUTION_OHE,KRJ,ALJN,123.94,125.16,123/9,123/29,DN,8.2,100.0,CONDEMN_RENEW,GOOD,519.7,NORMAL,37.5,5511,26,CLEAN,17,STABLE,True,True,317,1,11
OHE-0428,TRACTION_DISTRIBUTION_OHE,DER,KRJ,39.9,41.11,39/9,39/31,DN,8.57,92.0,CONDEMN_RENEW,WORN,697.8,NORMAL,43.3,5595,-47,CLEAN,12,STABLE,True,True,257,1,20
OHE-0429,TRACTION_DISTRIBUTION_OHE,PHD,CNB,420.39,421.34,420/6,420/27,DN,10.66,39.6,GOOD,WORN,545.2,NORMAL,19.4,5574,-96,CLEAN,0,STABLE,True,False,149,0,342
OHE-0430,TRACTION_DISTRIBUTION_OHE,DER,KRJ,40.77,41.46,40/7,40/25,DN,10.73,37.8,GOOD,WORN,548.4,NORMAL,42.0,5469,-18,CLEAN,1,STABLE,True,False,282,0,322
OHE-0431,TRACTION_DISTRIBUTION_OHE,ALJN,TDL,140.0,141.0,140/12,140/17,DN,10.85,34.8,GOOD,GOOD,572.3,NORMAL,39.4,5499,-17,FLASHOVER_RISK,34,STABLE,True,False,104,0,178
OHE-0432,TRACTION_DISTRIBUTION_OHE,DER,KRJ,54.57,55.94,54/13,54/21,UP,8.0,100.0,CONDEMN_RENEW,CRITICAL,473.8,NORMAL,20.5,5661,64,CLEAN,34,STABLE,True,True,323,1,11
OHE-0433,TRACTION_DISTRIBUTION_OHE,KRJ,ALJN,115.22,116.26,115/5,115/24,UP,8.17,100.0,CONDEMN_RENEW,WORN,624.0,NORMAL,31.7,5613,56,CLEAN,28,STABLE,True,True,314,1,11
OHE-0434,TRACTION_DISTRIBUTION_OHE,KRJ,ALJN,120.28,120.92,120/10,120/24,DN,9.36,72.2,CRITICAL,GOOD,469.2,NORMAL,29.1,5600,-85,CLEAN,6,STABLE,True,True,215,0,218
OHE-0435,TRACTION_DISTRIBUTION_OHE,FZD,ETW,228.54,229.23,228/4,228/25,UP,11.19,26.3,GOOD,GOOD,445.8,NORMAL,30.1,5529,-25,CLEAN,3,STABLE,True,False,70,0,354
OHE-0436,TRACTION_DISTRIBUTION_OHE,PHD,CNB,392.04,392.92,392/11,392/30,DN,9.34,72.7,CRITICAL,WORN,443.2,NORMAL,29.9,5533,48,CLEAN,7,STABLE,True,True,154,0,227
OHE-0437,TRACTION_DISTRIBUTION_OHE,ALJN,TDL,158.29,159.2,158/13,158/25,UP,10.22,50.6,WORN,GOOD,572.1,NORMAL,31.2,5480,74,CLEAN,1,STABLE,True,False,22,0,304
OHE-0438,TRACTION_DISTRIBUTION_OHE,KRJ,ALJN,91.66,92.52,91/6,91/24,UP,8.17,100.0,CONDEMN_RENEW,CRITICAL,629.6,NORMAL,33.2,5491,-27,CLEAN,20,STABLE,True,True,277,1,12
OHE-0439,TRACTION_DISTRIBUTION_OHE,PHD,CNB,367.76,368.69,367/4,367/24,DN,10.18,51.6,WORN,GOOD,469.8,NORMAL,36.4,5565,99,CLEAN,1,STABLE,True,False,272,0,266
OHE-0440,TRACTION_DISTRIBUTION_OHE,KRJ,ALJN,122.63,123.3,122/9,122/28,DN,10.68,39.1,GOOD,WORN,597.7,NORMAL,25.1,5432,167,CLEAN,1,STABLE,True,False,95,0,350
OHE-0441,TRACTION_DISTRIBUTION_OHE,PHD,CNB,432.32,433.33,432/14,432/20,UP,8.65,90.0,CONDEMN_RENEW,CRITICAL,461.7,NORMAL,24.3,5523,29,CLEAN,14,STABLE,True,True,156,1,22
OHE-0442,TRACTION_DISTRIBUTION_OHE,ALJN,TDL,170.46,171.71,170/10,170/20,UP,8.95,82.5,CRITICAL,WORN,346.1,NORMAL,21.3,5490,49,CLEAN,8,STABLE,True,True,325,0,201
OHE-0443,TRACTION_DISTRIBUTION_OHE,FZD,ETW,237.86,238.7,237/15,237/22,UP,8.78,86.7,CONDEMN_RENEW,CRITICAL,567.8,NORMAL,36.7,5553,-45,CLEAN,29,STABLE,True,True,301,1,12
OHE-0444,TRACTION_DISTRIBUTION_OHE,TDL,FZD,221.32,222.25,221/8,221/23,UP,11.7,13.5,GOOD,GOOD,456.2,NORMAL,23.9,5521,38,CLEAN,0,STABLE,True,False,124,0,346
OHE-0445,TRACTION_DISTRIBUTION_OHE,GZB,DER,36.0,37.18,36/14,36/20,DN,9.16,77.2,CRITICAL,WORN,524.9,NORMAL,32.6,5478,58,CLEAN,5,STABLE,True,True,290,0,206
OHE-0446,TRACTION_DISTRIBUTION_OHE,NDLS,GZB,17.6,18.58,17/11,17/28,DN,11.04,30.1,GOOD,GOOD,713.5,NORMAL,41.2,5687,-18,CLEAN,1,SETTLEMENT,True,False,41,0,358
OHE-0447,TRACTION_DISTRIBUTION_OHE,ETW,PHD,326.87,327.93,326/3,326/17,UP,9.9,58.6,WORN,GOOD,581.7,NORMAL,36.0,5651,53,CLEAN,4,STABLE,True,False,250,0,270
OHE-0448,TRACTION_DISTRIBUTION_OHE,KRJ,ALJN,104.83,106.23,104/11,104/23,UP,9.03,80.5,CRITICAL,CRITICAL,571.9,NORMAL,37.8,5590,-6,CLEAN,23,SETTLEMENT,True,True,218,1,21
OHE-0449,TRACTION_DISTRIBUTION_OHE,DER,KRJ,39.6,40.62,39/4,39/31,DN,8.34,97.7,CONDEMN_RENEW,WORN,687.0,NORMAL,44.5,5552,1,CLEAN,20,STABLE,True,True,232,1,13
OHE-0450,TRACTION_DISTRIBUTION_OHE,TDL,FZD,212.25,213.42,212/3,212/27,DN,10.11,53.4,WORN,WORN,753.8,NORMAL,41.1,5499,-46,CLEAN,2,STABLE,True,False,189,0,279
OHE-0451,TRACTION_DISTRIBUTION_OHE,PHD,CNB,390.53,391.77,390/14,390/32,UP,8.0,100.0,CONDEMN_RENEW,CRITICAL,597.8,NORMAL,32.6,5585,-114,CLEAN,26,STABLE,True,True,314,1,11
OHE-0452,TRACTION_DISTRIBUTION_OHE,NDLS,GZB,12.56,13.28,12/3,12/27,UP,9.64,65.2,CRITICAL,GOOD,546.9,NORMAL,39.1,5633,57,CLEAN,31,STABLE,True,True,322,1,19
OHE-0453,TRACTION_DISTRIBUTION_OHE,FZD,ETW,286.0,286.57,286/13,286/21,DN,8.2,100.0,CONDEMN_RENEW,GOOD,536.8,NORMAL,34.6,5544,-119,CLEAN,16,TILTING,True,True,296,1,2
OHE-0454,TRACTION_DISTRIBUTION_OHE,NDLS,GZB,9.0,10.19,9/9,9/17,UP,10.67,39.3,GOOD,GOOD,583.2,NORMAL,39.5,5359,-75,CLEAN,4,STABLE,True,False,178,0,337
OHE-0455,TRACTION_DISTRIBUTION_OHE,GZB,DER,31.62,32.54,31/1,31/26,DN,11.77,11.8,GOOD,GOOD,564.7,NORMAL,31.6,5675,-69,CLEAN,0,STABLE,True,False,69,0,354
OHE-0456,TRACTION_DISTRIBUTION_OHE,DER,KRJ,51.92,53.4,51/10,51/30,UP,12.15,2.3,GOOD,WORN,480.0,NORMAL,19.2,5622,6,CLEAN,4,STABLE,True,False,28,0,360
OHE-0457,TRACTION_DISTRIBUTION_OHE,PHD,CNB,392.42,393.45,392/8,392/18,DN,12.24,0.0,GOOD,GOOD,576.7,NORMAL,25.5,5632,11,CLEAN,2,STABLE,True,False,11,0,363
OHE-0458,TRACTION_DISTRIBUTION_OHE,ALJN,TDL,138.86,139.44,138/12,138/21,UP,12.24,0.0,GOOD,GOOD,661.4,NORMAL,30.6,5538,-37,CLEAN,0,STABLE,True,False,77,0,353
OHE-0459,TRACTION_DISTRIBUTION_OHE,TDL,FZD,224.99,226.3,224/7,224/20,UP,8.0,100.0,CONDEMN_RENEW,GOOD,463.5,NORMAL,17.5,5419,-21,CLEAN,14,SETTLEMENT,True,True,325,1,19
OHE-0460,TRACTION_DISTRIBUTION_OHE,KRJ,ALJN,114.33,114.96,114/9,114/29,DN,10.32,48.1,WORN,GOOD,559.3,NORMAL,23.3,5596,121,CLEAN,3,STABLE,True,False,180,0,280
OHE-0461,TRACTION_DISTRIBUTION_OHE,FZD,ETW,256.28,257.19,256/1,256/31,UP,12.24,0.0,GOOD,WORN,599.2,NORMAL,31.8,5478,91,CLEAN,1,STABLE,True,False,75,0,353
OHE-0462,TRACTION_DISTRIBUTION_OHE,TDL,FZD,219.88,220.91,219/10,219/22,UP,12.24,0.0,GOOD,GOOD,448.0,NORMAL,15.7,5554,-16,CLEAN,4,STABLE,True,False,25,0,361
OHE-0463,TRACTION_DISTRIBUTION_OHE,NDLS,GZB,14.43,15.65,14/5,14/23,UP,9.85,59.9,WORN,GOOD,551.8,NORMAL,41.2,5666,139,CLEAN,4,STABLE,True,False,204,0,276
OHE-0464,TRACTION_DISTRIBUTION_OHE,FZD,ETW,248.12,249.14,248/14,248/17,UP,11.0,31.1,GOOD,GOOD,577.3,NORMAL,22.9,5548,34,CLEAN,4,STABLE,True,False,106,0,348
OHE-0465,TRACTION_DISTRIBUTION_OHE,TDL,FZD,214.37,215.81,214/10,214/16,UP,9.99,56.4,WORN,GOOD,597.9,NORMAL,28.6,5485,11,CLEAN,2,SETTLEMENT,True,False,186,0,279
OHE-0466,TRACTION_DISTRIBUTION_OHE,PHD,CNB,385.53,386.62,385/11,385/20,UP,10.39,46.4,WORN,GOOD,552.9,NORMAL,25.7,5473,65,FLASHOVER_RISK,23,STABLE,True,False,52,1,20
OHE-0467,TRACTION_DISTRIBUTION_OHE,DER,KRJ,53.07,54.3,53/3,53/27,UP,11.32,23.1,GOOD,GOOD,601.4,NORMAL,37.1,5598,4,CLEAN,2,STABLE,True,False,24,0,361
OHE-0468,TRACTION_DISTRIBUTION_OHE,TDL,FZD,223.08,224.45,223/14,223/32,UP,12.14,2.5,GOOD,WORN,732.4,NORMAL,44.4,5553,-142,CLEAN,0,STABLE,True,False,46,0,358
OHE-0469,TRACTION_DISTRIBUTION_OHE,NDLS,GZB,7.51,8.19,7/2,7/26,DN,8.23,100.0,CONDEMN_RENEW,WORN,404.6,NORMAL,20.1,5631,73,CLEAN,10,STABLE,True,True,362,1,19
OHE-0470,TRACTION_DISTRIBUTION_OHE,DER,KRJ,57.08,58.22,57/6,57/17,DN,8.0,100.0,CONDEMN_RENEW,WORN,517.0,NORMAL,35.5,5604,-33,CLEAN,13,STABLE,True,True,317,1,19
OHE-0471,TRACTION_DISTRIBUTION_OHE,PHD,CNB,392.47,393.57,392/4,392/32,DN,11.26,24.6,GOOD,GOOD,377.7,NORMAL,19.8,5537,79,CLEAN,0,STABLE,True,False,26,0,361
OHE-0472,TRACTION_DISTRIBUTION_OHE,GZB,DER,26.52,27.93,26/12,26/25,UP,9.96,57.1,WORN,GOOD,393.6,NORMAL,19.9,5633,16,CLEAN,0,SETTLEMENT,True,False,105,0,292
OHE-0473,TRACTION_DISTRIBUTION_OHE,PHD,CNB,376.05,377.42,376/12,376/23,DN,12.24,0.0,GOOD,GOOD,408.3,NORMAL,16.0,5468,-93,CLEAN,0,STABLE,True,False,27,0,360
OHE-0474,TRACTION_DISTRIBUTION_OHE,TDL,FZD,217.37,218.09,217/2,217/16,UP,9.48,69.2,CRITICAL,WORN,686.8,NORMAL,33.7,5570,-26,CLEAN,15,STABLE,True,True,106,0,234
OHE-0475,TRACTION_DISTRIBUTION_OHE,NDLS,GZB,6.74,8.16,6/6,6/25,UP,9.24,75.2,CRITICAL,WORN,496.4,NORMAL,31.0,5559,-27,CLEAN,16,STABLE,True,True,292,1,20
OHE-0476,TRACTION_DISTRIBUTION_OHE,NDLS,GZB,10.72,11.53,10/10,10/28,UP,10.2,51.1,WORN,GOOD,453.0,NORMAL,17.5,5612,-19,CLEAN,1,STABLE,True,False,100,0,292
OHE-0477,TRACTION_DISTRIBUTION_OHE,ETW,PHD,342.05,342.91,342/5,342/20,DN,8.0,100.0,CONDEMN_RENEW,WORN,380.6,NORMAL,18.5,5624,142,CLEAN,22,STABLE,True,True,299,1,12
OHE-0478,TRACTION_DISTRIBUTION_OHE,DER,KRJ,47.27,47.79,47/15,47/25,DN,10.55,42.4,WORN,GOOD,573.5,NORMAL,40.3,5527,111,CLEAN,3,SETTLEMENT,True,False,100,0,292
OHE-0479,TRACTION_DISTRIBUTION_OHE,TDL,FZD,217.74,218.84,217/7,217/18,UP,8.87,84.5,CRITICAL,WORN,420.7,NORMAL,28.6,5614,-9,CLEAN,32,STABLE,True,True,340,1,19
OHE-0480,TRACTION_DISTRIBUTION_OHE,TDL,FZD,224.4,225.22,224/4,224/20,DN,10.59,41.4,WORN,WORN,531.1,NORMAL,21.2,5558,-104,CLEAN,0,STABLE,True,False,206,0,276
OHE-0481,TRACTION_DISTRIBUTION_OHE,GZB,DER,25.4,26.08,25/3,25/16,DN,11.07,29.3,GOOD,GOOD,572.0,NORMAL,43.7,5707,0,FLASHOVER_RISK,26,STABLE,True,False,50,0,186
OHE-0482,TRACTION_DISTRIBUTION_OHE,TDL,FZD,217.83,219.13,217/3,217/26,UP,12.24,0.0,GOOD,GOOD,601.3,NORMAL,43.1,5500,-78,CLEAN,2,STABLE,True,False,73,0,353
OHE-0483,TRACTION_DISTRIBUTION_OHE,DER,KRJ,53.2,54.15,53/11,53/29,UP,8.42,95.7,CONDEMN_RENEW,GOOD,551.7,NORMAL,19.3,5495,-142,CLEAN,9,STABLE,True,True,357,1,19
OHE-0484,TRACTION_DISTRIBUTION_OHE,NDLS,GZB,23.42,24.23,23/5,23/20,DN,11.11,28.3,GOOD,GOOD,604.8,NORMAL,39.9,5527,5,CLEAN,3,STABLE,True,False,82,0,352
OHE-0485,TRACTION_DISTRIBUTION_OHE,ETW,PHD,308.95,309.78,308/7,308/24,UP,9.45,69.9,CRITICAL,GOOD,573.6,NORMAL,35.7,5604,127,CLEAN,17,STABLE,True,True,157,1,22
OHE-0486,TRACTION_DISTRIBUTION_OHE,GZB,DER,32.93,34.41,32/5,32/32,UP,10.3,48.6,WORN,WORN,421.9,NORMAL,19.8,5510,87,CLEAN,3,STABLE,True,False,140,0,286
OHE-0487,TRACTION_DISTRIBUTION_OHE,ALJN,TDL,140.23,141.31,140/4,140/17,UP,10.93,32.8,GOOD,GOOD,370.0,NORMAL,17.7,5546,-84,CLEAN,0,STABLE,True,False,72,0,354
OHE-0488,TRACTION_DISTRIBUTION_OHE,ALJN,TDL,186.31,187.56,186/8,186/32,UP,8.0,100.0,CONDEMN_RENEW,WORN,467.6,NORMAL,24.7,5605,49,CLEAN,35,TILTING,True,True,299,1,2
OHE-0489,TRACTION_DISTRIBUTION_OHE,FZD,ETW,245.13,246.61,245/8,245/18,DN,10.68,39.1,GOOD,GOOD,419.6,NORMAL,31.4,5621,5,CLEAN,4,STABLE,True,False,53,0,356
OHE-0490,TRACTION_DISTRIBUTION_OHE,KRJ,ALJN,119.74,121.02,119/9,119/27,DN,9.84,60.2,WORN,GOOD,422.2,NORMAL,20.0,5493,11,CLEAN,1,STABLE,True,False,274,0,266
OHE-0491,TRACTION_DISTRIBUTION_OHE,PHD,CNB,404.96,406.03,404/7,404/23,UP,11.81,10.8,GOOD,GOOD,496.4,NORMAL,22.0,5522,47,CLEAN,3,SETTLEMENT,True,False,132,0,344
OHE-0492,TRACTION_DISTRIBUTION_OHE,TDL,FZD,216.25,217.02,216/2,216/23,UP,8.0,100.0,CONDEMN_RENEW,GOOD,509.4,NORMAL,25.0,5477,-80,POLLUTED,27,STABLE,True,True,254,1,8
OHE-0493,TRACTION_DISTRIBUTION_OHE,FZD,ETW,234.86,236.19,234/14,234/25,UP,8.8,86.2,CONDEMN_RENEW,WORN,527.3,NORMAL,15.1,5490,-36,CLEAN,30,STABLE,True,True,210,1,13
OHE-0494,TRACTION_DISTRIBUTION_OHE,NDLS,GZB,3.15,3.88,3/1,3/28,UP,10.08,54.1,WORN,GOOD,663.3,NORMAL,36.5,5658,-116,CLEAN,4,STABLE,True,False,92,0,294
OHE-0495,TRACTION_DISTRIBUTION_OHE,FZD,ETW,275.39,276.62,275/6,275/17,UP,10.21,50.9,WORN,GOOD,459.1,NORMAL,16.8,5628,113,CLEAN,0,STABLE,True,False,79,0,295
OHE-0496,TRACTION_DISTRIBUTION_OHE,PHD,CNB,433.73,434.53,433/14,433/23,DN,11.23,25.3,GOOD,GOOD,472.3,NORMAL,28.3,5523,-37,CLEAN,0,STABLE,True,False,26,0,361
OHE-0497,TRACTION_DISTRIBUTION_OHE,NDLS,GZB,3.87,4.49,3/4,3/30,DN,11.12,28.1,GOOD,WORN,598.7,NORMAL,41.1,5465,-66,CLEAN,2,STABLE,True,False,130,0,345
OHE-0498,TRACTION_DISTRIBUTION_OHE,PHD,CNB,390.52,391.98,390/15,390/20,UP,9.05,79.9,CRITICAL,WORN,635.1,NORMAL,42.1,5518,128,CLEAN,6,STABLE,True,True,338,0,199
OHE-0499,TRACTION_DISTRIBUTION_OHE,ETW,PHD,328.74,329.62,328/15,328/32,UP,9.44,70.2,CRITICAL,WORN,571.5,NORMAL,41.5,5569,106,FLASHOVER_RISK,22,STABLE,True,True,233,1,11
OHE-0500,TRACTION_DISTRIBUTION_OHE,GZB,DER,31.92,32.65,31/7,31/26,UP,8.81,86.0,CONDEMN_RENEW,CRITICAL,383.0,NORMAL,16.6,5568,100,CLEAN,32,STABLE,True,True,305,1,12
OHE-0501,TRACTION_DISTRIBUTION_OHE,TDL,FZD,222.45,222.95,222/10,222/22,UP,10.52,43.1,WORN,GOOD,622.9,NORMAL,29.1,5550,92,CLEAN,3,STABLE,True,False,154,0,284
OHE-0502,TRACTION_DISTRIBUTION_OHE,TDL,FZD,221.15,221.9,221/15,221/16,UP,11.6,16.0,GOOD,GOOD,579.3,NORMAL,30.3,5547,-76,FLASHOVER_RISK,28,STABLE,True,False,54,0,185
OHE-0503,TRACTION_DISTRIBUTION_OHE,FZD,ETW,279.25,280.35,279/1,279/18,DN,12.16,2.0,GOOD,GOOD,601.7,NORMAL,34.6,5582,-28,CLEAN,4,SETTLEMENT,True,False,99,0,349
OHE-0504,TRACTION_DISTRIBUTION_OHE,DER,KRJ,40.11,41.56,40/5,40/28,DN,12.15,2.3,GOOD,GOOD,571.5,NORMAL,42.6,5506,-125,CLEAN,4,STABLE,True,False,19,0,362
OHE-0505,TRACTION_DISTRIBUTION_OHE,ETW,PHD,325.18,325.93,325/14,325/18,UP,10.65,39.8,GOOD,GOOD,548.0,NORMAL,37.5,5439,-56,CLEAN,1,STABLE,True,False,188,0,336
OHE-0506,TRACTION_DISTRIBUTION_OHE,GZB,DER,31.66,32.42,31/7,31/32,DN,12.02,5.5,GOOD,GOOD,507.1,NORMAL,23.2,5519,45,CLEAN,1,STABLE,True,False,110,0,348
OHE-0507,TRACTION_DISTRIBUTION_OHE,KRJ,ALJN,97.13,97.69,97/3,97/29,UP,9.28,74.2,CRITICAL,GOOD,628.4,NORMAL,34.5,5549,-124,CLEAN,35,STABLE,True,True,275,1,20
OHE-0508,TRACTION_DISTRIBUTION_OHE,KRJ,ALJN,96.35,97.8,96/9,96/31,UP,11.8,11.0,GOOD,GOOD,578.0,NORMAL,35.3,5571,-60,CLEAN,1,STABLE,True,False,41,0,358
OHE-0509,TRACTION_DISTRIBUTION_OHE,DER,KRJ,52.71,53.23,52/4,52/19,DN,10.31,48.4,WORN,GOOD,382.5,NORMAL,25.2,5539,116,CLEAN,0,SETTLEMENT,True,False,199,0,277
OHE-0510,TRACTION_DISTRIBUTION_OHE,TDL,FZD,222.58,223.22,222/9,222/25,DN,9.92,58.1,WORN,WORN,418.0,NORMAL,19.9,5493,-35,CLEAN,1,STABLE,True,False,182,0,280
OHE-0511,TRACTION_DISTRIBUTION_OHE,FZD,ETW,286.15,287.65,286/15,286/23,UP,10.99,31.3,GOOD,GOOD,579.0,NORMAL,41.5,5613,115,FLASHOVER_RISK,31,STABLE,True,False,169,1,24
OHE-0512,TRACTION_DISTRIBUTION_OHE,FZD,ETW,279.3,280.68,279/3,279/20,UP,8.63,90.5,CONDEMN_RENEW,CRITICAL,623.8,NORMAL,36.8,5589,-28,CLEAN,32,STABLE,True,True,214,1,13
OHE-0513,TRACTION_DISTRIBUTION_OHE,KRJ,ALJN,90.67,91.85,90/3,90/24,DN,8.05,100.0,CONDEMN_RENEW,CRITICAL,523.6,NORMAL,32.6,5501,-44,CLEAN,33,STABLE,True,True,210,1,13
OHE-0514,TRACTION_DISTRIBUTION_OHE,DER,KRJ,45.63,46.44,45/5,45/21,UP,9.07,79.4,CRITICAL,WORN,697.9,NORMAL,42.3,5603,-11,CLEAN,10,STABLE,True,True,334,0,200
OHE-0515,TRACTION_DISTRIBUTION_OHE,DER,KRJ,45.1,46.47,45/6,45/18,DN,11.63,15.3,GOOD,GOOD,490.4,NORMAL,23.9,5602,-6,CLEAN,1,STABLE,True,False,119,0,346
OHE-0516,TRACTION_DISTRIBUTION_OHE,GZB,DER,29.06,29.59,29/2,29/18,UP,9.04,80.2,CRITICAL,CRITICAL,615.6,NORMAL,31.6,5493,179,CLEAN,6,STABLE,True,True,271,0,209
OHE-0517,TRACTION_DISTRIBUTION_OHE,TDL,FZD,218.27,219.4,218/6,218/19,UP,8.91,83.5,CRITICAL,WORN,517.3,NORMAL,18.4,5496,122,CLEAN,21,STABLE,True,True,292,1,20
OHE-0518,TRACTION_DISTRIBUTION_OHE,TDL,FZD,222.28,223.45,222/2,222/19,UP,10.29,48.9,WORN,GOOD,373.0,NORMAL,17.5,5523,23,CLEAN,2,STABLE,True,False,91,0,294
OHE-0519,TRACTION_DISTRIBUTION_OHE,PHD,CNB,430.32,430.95,430/10,430/16,DN,9.09,78.9,CRITICAL,WORN,336.0,NORMAL,16.5,5535,66,POLLUTED,11,STABLE,True,True,170,0,187
OHE-0520,TRACTION_DISTRIBUTION_OHE,GZB,DER,27.71,29.01,27/10,27/26,UP,8.09,100.0,CONDEMN_RENEW,WORN,500.8,NORMAL,34.1,5471,-83,POLLUTED,33,STABLE,True,True,346,1,7
OHE-0521,TRACTION_DISTRIBUTION_OHE,KRJ,ALJN,85.3,86.19,85/7,85/20,DN,12.24,0.0,GOOD,GOOD,436.0,NORMAL,23.7,5594,48,CLEAN,2,STABLE,True,False,19,0,362
OHE-0522,TRACTION_DISTRIBUTION_OHE,FZD,ETW,284.93,285.46,284/5,284/30,DN,8.0,100.0,CONDEMN_RENEW,GOOD,503.9,NORMAL,22.2,5532,20,CLEAN,20,STABLE,True,True,325,1,11
OHE-0523,TRACTION_DISTRIBUTION_OHE,ETW,PHD,325.36,326.52,325/3,325/22,DN,9.34,72.7,CRITICAL,GOOD,564.5,NORMAL,24.4,5541,69,CLEAN,11,STABLE,True,True,126,0,231
OHE-0524,TRACTION_DISTRIBUTION_OHE,DER,KRJ,67.4,68.59,67/7,67/23,DN,8.53,93.0,CONDEMN_RENEW,WORN,388.6,NORMAL,17.9,5634,-65,CLEAN,18,STABLE,True,True,188,1,13
OHE-0525,TRACTION_DISTRIBUTION_OHE,PHD,CNB,378.03,378.94,378/15,378/20,DN,9.17,76.9,CRITICAL,CRITICAL,439.2,NORMAL,22.7,5579,127,CLEAN,5,STABLE,True,True,190,0,222
OHE-0526,TRACTION_DISTRIBUTION_OHE,GZB,DER,34.48,35.95,34/11,34/18,DN,8.0,100.0,CONDEMN_RENEW,CRITICAL,560.3,NORMAL,42.7,5553,98,POLLUTED,24,STABLE,True,True,282,1,8
OHE-0527,TRACTION_DISTRIBUTION_OHE,FZD,ETW,243.1,243.9,243/4,243/19,DN,11.94,7.5,GOOD,GOOD,532.2,NORMAL,44.3,5430,-67,CLEAN,1,STABLE,True,False,36,0,359
OHE-0528,TRACTION_DISTRIBUTION_OHE,GZB,DER,33.02,34.0,33/14,33/17,DN,10.85,34.8,GOOD,GOOD,561.0,NORMAL,23.2,5500,-37,POLLUTED,4,STABLE,True,False,170,0,301
OHE-0529,TRACTION_DISTRIBUTION_OHE,GZB,DER,29.41,30.77,29/11,29/19,UP,8.0,100.0,CONDEMN_RENEW,WORN,634.1,NORMAL,37.5,5488,196,FLASHOVER_RISK,28,STABLE,True,True,327,1,1
OHE-0530,TRACTION_DISTRIBUTION_OHE,TDL,FZD,221.0,221.86,221/13,221/28,UP,8.0,100.0,CONDEMN_RENEW,GOOD,491.4,NORMAL,20.5,5509,-103,CLEAN,18,STABLE,True,True,355,1,11
OHE-0531,TRACTION_DISTRIBUTION_OHE,NDLS,GZB,20.15,20.84,20/4,20/28,DN,8.0,100.0,CONDEMN_RENEW,WORN,391.5,NORMAL,22.7,5519,-151,CLEAN,12,STABLE,True,True,260,1,20
OHE-0532,TRACTION_DISTRIBUTION_OHE,NDLS,GZB,8.79,10.21,8/9,8/17,DN,9.62,65.7,CRITICAL,WORN,646.8,NORMAL,38.3,5656,-81,CLEAN,19,STABLE,True,True,168,1,22
OHE-0533,TRACTION_DISTRIBUTION_OHE,TDL,FZD,214.17,214.67,214/2,214/25,UP,9.43,70.4,CRITICAL,GOOD,498.0,NORMAL,15.7,5565,28,CLEAN,9,STABLE,True,True,165,0,225
OHE-0534,TRACTION_DISTRIBUTION_OHE,NDLS,GZB,15.96,17.11,15/5,15/18,DN,10.95,32.3,GOOD,GOOD,497.4,NORMAL,33.6,5653,67,CLEAN,0,STABLE,True,False,61,0,355
OHE-0535,TRACTION_DISTRIBUTION_OHE,TDL,FZD,212.19,213.33,212/3,212/24,DN,9.91,58.4,WORN,GOOD,405.3,NORMAL,25.5,5601,-54,CLEAN,3,STABLE,True,False,364,0,252
OHE-0536,TRACTION_DISTRIBUTION_OHE,FZD,ETW,299.7,301.17,299/5,299/30,DN,9.96,57.1,WORN,GOOD,328.3,NORMAL,20.4,5588,-22,POLLUTED,3,SETTLEMENT,True,False,262,0,230
OHE-0537,TRACTION_DISTRIBUTION_OHE,ALJN,TDL,145.88,147.05,145/9,145/23,DN,9.56,67.2,CRITICAL,WORN,668.3,NORMAL,44.9,5531,-26,CLEAN,10,SETTLEMENT,True,True,233,0,215
OHE-0538,TRACTION_DISTRIBUTION_OHE,GZB,DER,27.3,28.5,27/12,27/17,DN,10.57,41.9,WORN,GOOD,573.8,NORMAL,22.1,5636,82,CLEAN,2,STABLE,True,False,139,0,286
OHE-0539,TRACTION_DISTRIBUTION_OHE,GZB,DER,25.04,25.59,25/15,25/19,DN,9.27,74.4,CRITICAL,WORN,499.9,NORMAL,27.2,5596,-36,CLEAN,35,STABLE,True,True,90,1,23
OHE-0540,TRACTION_DISTRIBUTION_OHE,PHD,CNB,423.0,424.44,423/2,423/27,DN,8.0,100.0,CONDEMN_RENEW,WORN,496.1,NORMAL,31.0,5481,-34,CLEAN,5,STABLE,True,True,273,1,20
OHE-0541,TRACTION_DISTRIBUTION_OHE,ALJN,TDL,196.49,197.99,196/14,196/16,DN,10.58,41.6,WORN,GOOD,512.5,NORMAL,31.9,5577,67,CLEAN,0,STABLE,True,False,135,0,287
OHE-0542,TRACTION_DISTRIBUTION_OHE,PHD,CNB,399.87,400.45,399/6,399/23,UP,11.43,20.3,GOOD,GOOD,671.6,NORMAL,39.6,5510,47,CLEAN,2,SETTLEMENT,True,False,43,0,358
OHE-0543,TRACTION_DISTRIBUTION_OHE,TDL,FZD,217.68,218.69,217/8,217/23,DN,11.74,12.5,GOOD,GOOD,425.6,NORMAL,23.1,5517,12,CLEAN,4,TILTING,True,False,110,0,253
OHE-0544,TRACTION_DISTRIBUTION_OHE,GZB,DER,28.65,29.42,28/3,28/26,DN,11.16,27.1,GOOD,GOOD,461.6,NORMAL,24.9,5506,-26,FLASHOVER_RISK,23,STABLE,True,False,92,0,180
OHE-0545,TRACTION_DISTRIBUTION_OHE,ALJN,TDL,182.06,182.91,182/11,182/28,UP,8.92,83.2,CRITICAL,WORN,540.4,NORMAL,42.9,5583,-154,FLASHOVER_RISK,11,STABLE,True,True,246,1,19
OHE-0546,TRACTION_DISTRIBUTION_OHE,TDL,FZD,217.75,218.36,217/9,217/26,UP,11.54,17.5,GOOD,GOOD,446.6,NORMAL,17.8,5429,5,CLEAN,2,STABLE,True,False,56,0,356
OHE-0547,TRACTION_DISTRIBUTION_OHE,ALJN,TDL,158.5,159.4,158/11,158/22,DN,8.76,87.2,CONDEMN_RENEW,WORN,614.4,NORMAL,44.3,5609,-107,CLEAN,29,STABLE,True,True,298,1,12
OHE-0548,TRACTION_DISTRIBUTION_OHE,NDLS,GZB,11.66,13.02,11/11,11/25,UP,9.17,76.9,CRITICAL,GOOD,444.6,NORMAL,24.3,5663,-27,POLLUTED,13,STABLE,True,True,250,1,25
OHE-0549,TRACTION_DISTRIBUTION_OHE,DER,KRJ,49.22,50.49,49/7,49/32,UP,8.07,100.0,CONDEMN_RENEW,WORN,547.7,NORMAL,31.3,5526,-27,CLEAN,20,STABLE,True,True,272,1,12
OHE-0550,TRACTION_DISTRIBUTION_OHE,TDL,FZD,223.34,224.47,223/11,223/22,DN,10.57,41.9,WORN,GOOD,485.7,NORMAL,33.0,5576,18,POLLUTED,1,STABLE,True,False,130,0,250
